code,name ,address
36939,PRAN FOODS LTD (LICENCE NO:1173),"POST BOX # 21031 ,GATE # 03,BLOCK # B-08,AZMAN FREE ZONE,DUBAIUAE."
36940,SYARIKAT SHARIMA SDN BHD,"NO 3, BLOCK D SUFRI COMPLEX, MILE 1 ¿  ,JALAN TUTONG BA 2111,BNADAR SERI BEGAWANBRUNEI DARUSSALAM."
37378,UNITED FOOD COMPANY,"403, PROGRESSIVE CENTER,BLOCK-6, P.E.C.H.S, SHAHARA-E FAISAL,BLOCK-6, P.E.C.H.S, SHAHARA-E FAISALKARACHI 75400."
37465,MUTAAB A.WAGGAS MKTG.EST.(MOJAFFAR),"P.O. BOX: 11115, SITTEN STREET,AL-OSMAN BUILDING,,OFFICE NO. 302JEDDAH-21453, KSA.."
37481,DISCOVERY TRADE INC,"SONNET,31-27 68TH STREET,WOODSIDE, NY 11377, USAWOODSIDE, NY 11377, USA."
38001,EXPORT LOCAL IRREGULAR,"KHA- 167/1, MIDDLE BADDA, DHAKA-1212, 12,R K MISSION, DHAKA,PREVIOUS NAME-FARHAD 10/10/06."
38003,DAKS INTERNATIONAL (U.S.A. LOCAL PARTY),"H# 43,R#02, BANOSREE,RAMPURA,KHILGAON,DHAKA.,MOUCHAK TOWER (3RD FLOOR),83/B, SIDDESHWARI CIRCULAR ROAD, DHAKABANGLADESH."
38004,M N INTERNATIONAL (U.S.A. LOCAL PARTY),"HOUSE # 93 SOUTH BASHABO, SHOBUJBAGH, DHAKA-1214.,552, SANTIBAG R/A,,NORTH AGRABAD, CHITTAGONGBANGLADESH."
38005,EXPORT TRADERS (AUSTRALIAN LOCAL  PARTY),"MR.NIHARENDU DEB,SUITE# 2, 2ND FLOOR,85/1, NAYA PALTAN, DHAKABANGLADESH."
38006,S.B. CORPORATION (SPAIN LOCAL PARTY),"MR MOKLESUR RAHMAN,39, DILKUSHA C/A. ( 5TH FLOOR0,DILKUSHA, DHAKABANGLADESH."
38007,TRADE VENTURE MARKETING (U.S.A. LOCAL PARTY),"MANSUR AHMED,26, KAKRAIL ROAD,KAKRAIL ROAD, DHAKABANGLADESH."
38008,"SOMA INTERNATIONAL, AUSTRALIAN LOCAL PARTY","30/22, BLO-C, TAJ MAHAL ROAD MOHAMMADPUR, DHAKA.,HOUSE # 12/UMA/8, ROAD # 2,SHAMOLY, DHAKA-1207SHAMOLY, DHAKA-1207."
38009,MOUMITA ENTERPRISE,"76(G.F),G.A. AVENUE,SECTOR #13,UTTARA, DHAKA-1230 ,BANGLA BAZAR,BANGLA BAZAR, SYLHET BANGLA BAZAR, SYLHET."
38025,TSHERING TSHONGKHANG,"TSHERING TOBGEL,SAMDRUP, JONGKHAR,EASTERN BHUTANEASTERN BHUTAN."
38026,SABAH OMAIS,"SABAH OMAIS,PATISEN FOOD SERVICE,33 BLVD  DE LALIVERATIONBP, 185- DAKAR, SENEGAL."
38027,ANGOSAL LDA REP OF ANGOLA,"ANGOSAL LDA ,ANGOSAL IMPORTACAO E EXPORTACAO. LDA,LUANDA,ANGOLALUANDA,ANGOLA."
38028,GYME TSHRING TSHONGKHANG,"PHUENTSHOLING,PHUENTSHOLING,PHUENTSHOLING, BHUTANPHUENTSHOLING, BHUTAN."
38032,MBUYA BATUBENGA ALBERT,"MBUYABATUBENGA@OUTLOOK.COM,AV. DE LA MOSQUE N,4138, C/LUBUMBASHI RD CONGOR D CONGO."
38051,NITAI CHANDRA SHAHA," KAMARPUKUR PAR, AGARTALA,TRIPURA(W), INDIA,PORT:AKHAURA."
38052,LUXMI ENTERPRISE,"31 H.G.B.ROAD(1ST FLOOR),AGARTALA, WEST TRIPURA,TRIPURAINDIA."
38053,GANAPATI INTERNATIO," AMBIKAGIRI NAGAR,R.G, BARUAH ROAD,GUWAHATI-7, ASSAM,INDIA,."
38054,MANPURIA SYNTHETICS," 130 DHARMOTOLLA ROAD, GHUSWRI HOWRA, KOLKATA- 711101, WBINDIA."
38056,SUKUMAR SARKAR,"17 BIDHAN ROAD, SILIGURI,SILIGURI-734401,WB,INDIA,17 BIDHAN ROAD,SILIGURI,INDIA17 BIDHAN ROAD,SILIGURI,INDIA."
38202,ZOHVIN GLOBAL LINKS,"NAYA BANESHWOR, KATHMANDU NEPAL,NEPAL."
38203,TASHI THAYE IMPORT,"POST BOX 491, THIMPHU,, BHUTAN PORT:,BHUTAN."
38204,PEMA IMPORT HOUSE,"SHOP # 26, LINE # 11,THIMPHU, BHUTAN,BHUTAN."
38205,P. R. CHANDA,"C/O CHANDA COMMERCIAL CENTER,TULAPATTY, SILCHAR- 788011,ASSAMINDIA."
38207,CHODEN TSHONGKHANG,",DEKI LAM, (LOWER MARKET),PHUENTSHOLING, BHUTANBHUTAN."
38251,BLUE BIRD SUPER MARKET," PO BOX # 8521,MUSAFFA, ABUDHABI,UAE,,ABUDHABI.UAE."
38252,AL-FATIMIYA TRADING & CONT. EST," C R # 14650, PO BOX # 15300, DOHA, QATAR.QATAR."
38253,KHALED A-AL SURYIA," POST BOX -112527, JEDDAH, KINGDOM OF SAUDI ARAB."
38254,AL SAMMAN CO FOR GENERAL TRADE," LEBANON.,,."
38255,MARZOOQ S. AL-HARBI AL MOWLAD TRADING EST,"C.R.# 4030060650/001,POST BOX-20085,JEDDAHMADINA ROAD, KILO 14,SAUDIA ARABIA."
38256,AL-DALAL VEGETABLE & FRUITS,"FOOD STUFF SECTION, SHOP#141,MANAMA, BAHARAIN,BAHARINBAHRAIN."
38257,MOHAMMED IBRAHIM ABDUR RAHMAN SHAHIBANI,"CR# 1010185067 RIYADH, K.S.A,CR# 1010185067 RIYADH, K.S.A,CR# 1010185067 RIYADH, K.S.AKSA."
38258,AL-JESOUR ENGINEERING CO.,"KHALID IBN AL-WALEED STREET,SHARQ,KUWAITKUWAIT."
38259,GARDEN RESTAURENT,"ABDULLAH AL-MUBARAK ST.,,MURQAB,KUWAITKUWAIT."
38260,AL SHAFOORI FOOD STUFF,"MR ALAUDDIN,P O BOX#5518,DUBAIUAE."
38261,PRINCE EMPORIUM PTE LTD," 189,SELIGIE ROAD#01-02,, SINGAPURE PORT:, SINGAPURE."
38262,EKONIBIZ (M) SDN BHD," 25-B JALAN SILANG, 50050 KUALALUMPUR, MALAYSIA."
38263,GANGAA TRADING CO(S) PT," NO 79 JALAN SENANG, SINGAPORE 41848, SINGAPURE."
38264,K B  TRADE  INTERNATIONAL CO,"5-2 , CHONIL B/D - 307 , ULGIRO-3GA,CHUNG -GU , SEOUL   KOREA,SEOUL KOREASEOUL  KOREA."
38266,ZEALOUS TRADE,"NO-27, 1ST FLOOR, JALAN TAGO, 11, TAMAN,PERINDUSTRIAN TAGO, DAMANSARA-52200,KUALALUMPUR, MALAYSIAMALAYSIA."
38267,BURHANI INTERNATIONAL,"MR. A. MOOSAGEE,40 A, NEW MOOR STREET,COLOMBO-12SRI LANKA."
38268,KHALID ABDUL HAI MOHD. AL-BANNY,"MR. ASHRAF,BANDOR AL ¿KUWAIT SUPER MARKET,AL-GUNAIM BUILDING BASEMENT, KUWAITKUWAIT."
38269,MIRA G/M INC,"REGENT OFFICETEL B/D,547-8, GUUI-DONG,KWANGJIN-KU, SEOULKOREA."
38270,"SEIO CO LTD, 394-2","GALSAN2-DONG,BUPYEONG-GU,KOREA, (KOREA EXPORT INDUSTRIAL XONES)KOREA."
38271,M.AL-MESHAL EST.,"SARDER BABUL,13149, KAIFAN, CODE 71952,AL-MOOSHA BRANCH, C.R: 44391KUWAIT."
38272,HC PANG ENTERPRISE,"11A & 15,JLN.TPP 1/15,TMN.INDUSTRI PUCHONG,JLN.PUCHONG,47100, PUCHONGSELANGOR DARUL ESHAN."
38274,MAGNA SYDNEY INT,"HUMAYUN KABIR,6 PHYLLIS ST,MINTO, NSW 2566AUSTRALIA."
38275,JELLYMAN'S DISTRIBUTONS,"-,24-A, FORDHAM STREET,LONDON E-1 1HS, U.KLONDON E-1 1HS, U.K."
38276,S.H. ENTERPRISE-CANADIAN LOCAL PARTY,"-,IN FRONT OF SUTRAPUR THANA,GROUND FLOOR OF BADHAN HOTELSUTRAPUR, DHAKA."
38277,"M N R ENTERPRISE & EURO-ASIA FOOD, USA LOCAL PARTY","F.H. CHOWDHURY(KHOKON),H# 31, APARTMENT# 57(7TH FLOOR),ROAD# 17, BANANIDHAKA, BANGLADESH."
38278,EXPO LIMITED,"MR. POLASH,HOUSE # 33, ROAD # 01,SEC # 04, UTTARA, DHAKA.SEC # 04, UTTARA, DHAKA.."
38279,SEE- LAND IMPORT EXPORT E.K,"JAINAL HAQUE,MUNCHENERSTR.8,60329 FRANKFURT,GERMANY60329 FRANKFURT,GERMANY."
38280,AL-MADINA TRADE AGENCY-SINGAPORE LOCAL PARTY,"MD. MOTAHAR HOSSAIN,24, GREEN CORNER,GREEN ROAD, DHAKAGREEN ROAD, DHAKA."
38282,A.M .TRADING -LOCAL PARTY,"MD. ANOWER   HOSSAIN,12 DIT EAST MOTIJHEEL EXTENSIONS ROAD,MOTIJHEEL, DHAKAMOTIJHEEL, DHAKA."
38283,SAIMUM-LOCAL PARTY,"134/1, WEST DOLAIR PAR,,DHAKADHAKA."
38284,AL-AALAM AL- GAMIL FOUR TRADING,"ADNAN AHMED / SHADI A K,HAYEL STREET- SANA,P.O BOX: 4212YEMEN."
38285,CONSOLIDATED MANUFACTURING & TRADING ENTERPRISE,"GEORGE EDWARD,P.O. BOX 2284,ADDIS ABABAETHIOPIA."
38286,MR. ZAHID,"C.R. # 4030060650/001,POST BOX ¿ 20085, JEDDAH,MADINA ROAD KILO 14SAUDI ARABIA."
38287,FRADIS TRADING INTERNATIONAL,"SABAH OMAIS,61 RUE DOULONG 75017 PARIS,FRANCEFRANCE."
38288,PREMIER TRADING (ENGLAND LOCAL PARTY),"MR. SWEET,166, SANTINAGAR, DHAKA,SANTINAGAR, DHAKASANTINAGAR, DHAKA."
38289,TAJCO LTD,"LOWANAH TAJEDDINE,P.O. BOX 2176 SK -BANJUL,P.O. BOX 2176 SK -BANJULGAMBIA."
38290,EAGLE INTERNATIONAL IMPORT & EXPORT,"MR. MEHRETAB TEAME,PO BOX: 8412 ASMARA-ERITREA,PO BOX: 8412 ASMARA-ERITREAERITREA."
38291,ZANATA FOODS-LOCAL PARTY,"-,ZAMAN CHAMBER,47, DILKUSHA C/A (4TH FLOOR)DHAKA-1000."
38292,SCIMAS SUOERMARCHE,"MR. JEAN SALAME,01 BP 939 AV. YENNENGA,OUAGADOUGOU 01BURKINA FASO."
38293,IMEXCO,"MR. KHALIL DARWEESH J,AV DU MARCHE, 829 GOME- KINSHASA,DEMOCRATIQUE DU CONGODEMOCRATIQUE DU CONGO."
38294,JITCHI TRADING CO,"MR. KHALIL DARWEESH J,WATER STREET MONROVIA,LIBERIALIBERIA."
38295,ETS CHOUR & FRERES,"MR. KHALIL DARWEESH J,B.P.12601, DOUALA,CAMEROUNCAMEROUN."
38296,AM ASIA CO. LTD,"MR. SALIM, C/0 SAJEDUR RAHMAN KHANDAKAR,ANWAR BRUSH COMPANY,26, ENAYETGONJ LANEDHAKA."
38297,EXPORT- SAMPLE TO NEW PARTY,"PRAN RFL CENTER,105, MIDDLE BADDA (EXP DEPT),DHAKA-1212C (EXPORT), HO."
38298,FARHAN INTERNATIONAL (LOCAL PARTY),"15, NEW BAILY ROAD,BUILDING NO. 2,WEST SIDE OF MOHILA SAMITYDHAKA ¿ 1000.."
38299,THAKUR INVEST OU,"MR. LOVY,80-32 MUSTAMAE TEE,TALLINN, ESTONIATALLINN, ESTONIA."
38301,GEMCON FOOD &  AGR. PRO LTD-EXP,"MD. SALEH MUZAHID,RAMCHANDRAPUR, BHARIBADE,MOHAMMADPUR, DHAKAMOHAMMADPUR, DHAKA."
38302,E.G.T.C,"RABAH FAKIH,CALLE 3 DE AGOSTO APDO. 930 MALABO,EQUATORIAL GUINEAEQUATORIAL GUINEA."
38303,EASTER SALES COMPANY-EXP,"MR. AZIZUL HAQUE,53/54 NCG ROAD,POSTOGOLA, DHAKAPOSTOGOLA, DHAKA."
38304,FINAMARK SARL,"MR. ATTAL,R.C.92B-136-NINEA: 0053265 2 G 2 PELLES ASS,DE GUENTABA-LOT NO: 16 B.P. 1203 DAKARSENEGAL."
38305,ETS ERRACHAD IMPORT & EXPPORT,"M SALEM,NO 126 AV LEMHARRE,BP 1091 NOUAKCHOTTMAURITANIA."
38306,DISTRIMARCA LDA,"MR. HUSSEIN SAFEEUDDIN,N° 7,SECTOR SAO JOSÉ RUA DA SOCOLA,BAIRRO,PETRANGOL LUANDAANGOLA."
38307,E.T.C,"MR. FUAD EZZEDINE,GUINEA BISSAU,GUINEA BISSAUGUINEA BISSAU."
38308,R.K AGENCIES,"MR. HARISH CHUGANI,10, RUE TOLDBIA DAKAR,SENEGALSENEGAL."
38309,SOCIETÉ N.D.I.,"MR. KHALIL SHALAB,16 BP 1200 ABIDJAN,16 BP 1200 ABIDJANCOTE D'IVOIRE."
38310,NEPA TRADING (S) PTE LTD,"MR. ASAD,68 RANGOON ROAD,SINGAPORE 218358SINGAPORE 218358."
38311,TRADEX COMPANY LTD,"MR. JAFFAR TAJEDDIN,30 SANI ABACHA STREET,FREETOWNSIERRALEONE."
38312,SALIH AL-MUSTANEER MARKETING,"MR. HADI AL-MUSTANEER,POST BOX: 14429,DAMMAM: 31424, K.S.ADAMMAM: 31424, K.S.A."
38313,M/S MOMI EXIM TRADERS,"MR. KRISHNENDU PAUL,PATHERKANDI ROAD,P.O-KANISHAIL, DIST-KARIMGANJSTATE-ASSAM, INDIA."
38314,MOHAMED OMAR ABDI,"MR. MOHAMED OMAR ABDI,E-MAIL:MADAALE@HOTMAIL.COM,HARGESA, SOMALILANDHARGESA, SOMALILAND."
38315,SERIGNE FALL,"-,C.C.T.M .,IN TOUBA DAROU KHOUDOSSSENEGAL."
38316,MR. HOSSAIN,",TOKYO KOTO-KU,TOKYO KOTO-KU920 JAPAN."
38317,ETS HADDAD KHALIL IMPORT -EXPORT,"MR. HADDAD KHALIL,B.P. 12.282 NIAMEY,NIGERNIGER."
38318,M.R. BHUIYA AND CO,"MIZBAHUR RAHMAN BHUIYA,23/A, ZIGATOLA,DHAKA.DHAKA.."
38319,CRISTAL SEE FOOD,"NURUL ISLAM,CHITTAGONG,CHITTAGONGCHITTAGONG."
38320,ALADIN SWEETS & MARKETING INC,"MR. JOHNNY,139 S. VERMONT AVE.,(BETWEEN 1ST & 2ND STREET)LOS ANGELES, CA 90004."
38321,M/S FLORA - X,"MR. MOHAMMAD JALAL UDDIN,64 B K DAS ROAD,FARASHGONJDHAKA."
38322,MR. GOLAM MOSTAFA,"PARVEZ SUMON,VIA, DEGLI OPINIANI-88,00174 ROMA, ITALY00174 ROMA, ITALY."
38323,"SHIHAB INSURANCE & TRADING AGENCIES (YEMEN) LTD

","MR. MOHAMMED SHIHAB,P.O BOX: 1241, SANA'A, REPUBLIC OF YEMEN,P.O BOX: 1241, SANA'A, REPUBLIC OF YEMENP.O BOX: 1241, SANA'A, REPUBLI."
38324,PRAN FOODS DJIBOUTI LTD SARL,",3, RUE DE ETHIPIE,BP-3098, DJIBOUTIREPUBLIC OF DJIBOUTI."
38325,ELY OULD AHMED,"-,TEVRAGH ZEINA, AT 42-025 N°128,BP 1320 NOUAKCHOTT, MAURITANIABP 1320 NOUAKCHOTT, MAURITANIA."
38326,DALIA XINISTERY,"NOT APPLICABLE,7, PAVLOU MELA, DHALI,NICOSIA, CYPRUSNICOSIA, CYPRUS."
38327,TRANSIT STOPOVER LTD,"MR. NANA FII AGYEMAN.,P. O. BOX; 573, ASHIAMAN,ACCRA, GHANA.ACCRA, GHANA."
38328,BABUL TRADE INTERNATIONAL,"ABDUL MATIN BABUL,30, SOUTH KHILGAON,DHAKA-1219BANGLADESH."
38329,COMPTOIR D' ALIMENTATION GANAMET,"MR. GANAMET,01 BP. 662 ABIDJAN 01,IVORY COASTIVORY COAST."
38330,GB ENTERPRISE,"SAJEDUL ALAM JILANI,36/7B/2C SHAH ALI BAG,MIRPUR-1MIRPUR-1, DHAKA-1216."
38331,MD. ALI HUSSAIN,"-,ADEEB SUPERMARKET,14 WANDERERS ST, JOHANNES BURG -2001SOUTH AFRICA."
38332,GROUPE CONGO FUTUR,"-,AFRIMEX, GROUPE CONGO FUTUR,CONCESSIONKINSHASA/GOMBE."
38333,SHOA TRADE & INDUSTRY P.L.C,"-,ARADA KIFLE KETEMA KEBELE 11.,HOUSE NO. 780, P.O.BOX 2344ADDIS ABABA ,ETHIOPIA."
38334,DEBENHAM & FEAR LTD,"R. D. GUDHKA,DEBENHAM & FEAR LTD,P. O. BOX 6398500619-NAIROBI, KENYA."
38335,K B INTERNATIONAL,"MR. KABIR,5 NORTHBROOK HALL ROAD,BANGLA BAZER, DHAKABANGLA BAZER, DHAKA."
38336,SAGRA,"MR. ALI SALHAB,59, RUE VINCENT,DAKARSENEGAL."
38337,SOLI ENTERPRISE,"C/O: MD. SOLAIMAN,148/1 LAKE CIRCUSS,KOLA BAGANDHAKA."
38338,BALAKA STORE,"-,17 RUE HOCHE,93500 PANTINFRANCE."
38339,SIRA (M) CORP SDN BHD,"MOHD. SHAFIQ -MANAGING DIRECTOR,12, JALAN DEWA, 08000 SUNGAI PETANI,,KEDAH DARUL AMANKEDAH DARUL AMAN, MALAYSIA."
38341,TSHOLING TSHONGKHANG,"MS DOLY DEM,DEKI LAM, LOWER MARKET,PHUENTSHOLINGBHUTAN."
38342,FAN WORLD ENTERPRISE,"MR. KAZI MONAWAR HOSSAIN,17-19, 4TH FLOOR, JALAN TUN TAN SIEW SIN,50050 KUALA LAMPUR,50050 KUALA LAMPUR, MALAYSIA."
38343,BARIGAP COMPANY,"C/O: HAJJI ABDUL BARI,NO 5 BLOCK A HJ DAUD COPLEX, MILE 2,JALAN GADONG B.S.S BRUNEIBRUNEI."
38344,GOLDEN BASAKA SDN. BHD,"-,NO-75, JALAN MAHARANI,84000, MUAR, JOHORWEST MALAYSIA."
38345,M/S SUNRISE INTERNATIONAL,"MR. ABDUL KAYIUM,7-8, MOTIJHEEL C/A,DHAKABANFLADESH."
38346,M/S JAIN INTERNATIONAL (ASSAM),"MR. P. C. JAIN,OLD STATION ROAD,KARIMGONJ, ASSAMINDIA,  788711."
38347,M/S POPY TRADING CO,"MD. GIAS UDDIN TIPU,HOUSE # 320/1, WEST DHANMONDI,ROAD # 8/A,DHAKA # 1209, BANGLADUSH."
38348,M/S CHANDA COMMERCIAL CENTER,"MR. PINAK RANJAN CHANDA,TULAPATTY,SILCHAR - 788001ASSAM, INDIA."
38349,STE CHAFTEL,"01- BP- 5658,COTONOU,BENINWEST AFRICA."
38350,HADRAWI TRADING ESTABLISHMENT,"MOHAMED OMAR ABDI,MOGADISHU,SOMALIAEAST AFRICA."
38351,AKASHA IMPEX - SARL,"-,B.P 3545, CONAKRY,REP. DE GUINEEWEST AFRICA."
38352,MARIAN SPICE CO,"MR. SALEH AHMED,NEWYORK,UNITED STATES OF AMERICAUNITED STATES OF AMERICA."
38353,HUAMBO GENERAL DEARLERS -MARKUS SIWARONGO RD,"BOX-556, RUNDU, BAND NO: NAMOS 943,ONDOTO STR OKURYANGAVA,WINDHOEK, NAMIBIAWEST AFRICA."
38354,BATLANTIC MERCHANTS LTD.," P.O. BOX 17500,ACCRA, GHANA,WEST AFRICAWEST AFRICA."
38355,MBC LTD,"380 RUE DU GRAND MARCHE,IMMEUBLE UTB CENTRAL,4 EME ETAGE B. P. 3288LOME TOGO."
38356,COIMEX,"RUE 4 B.C.C.D-,BP: 4399 DAKAR,SENEGALSENEGAL."
38357,AMINUR RAHMAN CHOUDHURY,"MR. SHAMIN,KARIMGONJ,KARIMGONJASSAM, INDIA."
38358,ATD,"ATD 142 MUTARE ROAD,MASASA, HARARE,ZIMBABWEAFRICA."
38359,I.GE.DIS,"ZONE 3- RUE DES BRASSEURS,11 B.P.164 ABIDJAN,IVORY COASTIVORY COAST."
38360,DISTRIMARCA,"BAMAKO,MALI,AFRICAAFRICA."
38361,AFFILIATED TRADING COMPANIES (ATCO," U.N DRIVE,CLARA TOWN,P.O. BOX 10-20/2,MONOROVIA, LIBERIAWEST AFRICA."
38362,GENERICS LIMITED,"28 CYBERCITY,IFS HOUSE,EBENE MAURITIUS EBENE MAURITIUS."
38364,EK KAY STORE,"12 SANA ABACEHA STREET,FREETOWN,SIERRALEONESIERRALEONE."
38365,SAYAMI INTERNATIONAL INC,"KULESHWOR 14, KATHMANDU,KULESHWOR 14, KATHMANDU,NEPALNEPAL."
38366,KASWA EXPORTS PVT LTD,"698 (P) BEHERA SAHI NAYAPALLI,BHUBANESWAR,ORISSA BHUTAN."
38367,MOMS SUPER MARKET,"NO 1, WALTER BATTISS ROAD,NEW WOOD LAND, MITCHELLS PLAIN, 7785,CAPETOWNSOUTH AFRICA."
38368,IMPORTACAO EXPORTACAO,"IMPORTACAO EXPORTACAO,RUE ARIOLNODA CRUZ,C/P 252 GUNIEA BISSAUC/P 252 GUNIEA BISSAU."
38369,REGAL,"B.P 603, POINT NOIRE,REPUBLIQUE DE CONGO,AFRICAAFRICA."
38370,JAIN INTERNATIONAL (WEST BENGAL) ,"M.M ROAD ( OLD STATION ROAD),,M.M ROAD ( OLD STATION ROAD),,KARIMGANJ, ASSAMASSAM, INDIA. # 788711."
38371,AHMED ALI WADAANI EST (TRADING FOR FOOD STUFF) ,"MAKKAH AL - MOKARAMA, ,MAKKAH AL - MOKARAMA, ,COUNTRY: KSACOUNTRY: KSA, C. R: 4031050046."
38372,"M/S, AL-QUSOUR AL-FAKHIRAH TRADING EST","CR: 1010146807,P.O BOX NO-15522,P.O BOX NO-15522, RIYADH.KSAP.O BOX NO-15522, RIYADH.KSA."
38374,MOHAMED LEMINE,"CENTRE COMMERCIAL  EI-EMINE,AVENUE ELY O. EMHEIMID, LOT R506,NOUAKCHOTT, MAUTRITANIENOUAKCHOTT, MAUTRITANIE."
38375,MR.MONSUR HOSSAIN,"GALAXY NET TRADEST,P.O.BOX NO.28725,SAFAT, KUWAITSAFAT, KUWAIT."
38376,LANKA ROSE CO.,"JORDAN AMMAN-AL TAJAMOUAT (QIZ),P.O.BOX.-711171, AMMAN-11171,AMMAN-11171, JORDANAMMAN-11171, JORDAN."
38377,YOEZER IMPORT HOUSE ,"GELEPHU, BHUTAN,GELEPHU, BHUTAN,GELEPHU, BHUTANGELEPHU, BHUTAN."
38378,S.R IMPORT ENTERPRISE,"NORZIN  LAM,THIMPU, BHUTAN,THIMPU, BHUTANTHIMPU, BHUTAN."
38379,FBD FOODS INC ,"MR. RAKIB/ M. KAJOL ,56-09, 56TH DRIVE,MASPETH, NY-11378, USAMASPETH, NY-11378, USA."
38380,CIDIMEX,"DAKER, SENEGAL,DAKER, SENEGAL,DAKER, SENEGALDAKER, SENEGAL."
38381,WASEL AHMED AL-HUSSAIN SHOPPING CENTER,"DAMMAM -2050038107, KSA     ,DAMMAM -2050038107, KSA,DAMMAM -2050038107, KSADAMMAM -2050038107, KSA."
38382,MOLLAH & SONS (M) SDN. BHD,"NO-38   40, ONNJAAFAR,30300 IPOH,PERAK DARUL RIDZUAN, MALAYSIAPERAK DARUL RIDZUAN, MALAYSIA."
38383,AMANCO PTE LTD,"MR. MIRZA GOLAM SABUR,41 DESKER ROAD,41 DESKER ROADSINGAPORE-209572."
38384,NGOM ET CIE,"DAKAR, SENEGAL,DAKAR, SENEGAL,DAKAR, SENEGALAFRICA."
38385,MOHAMMED YASIN  ,"MANDOST TRADING EST,P O BOX NO-804,DOHA,QATARDOHA,QATAR."
38386,MIRAE TRADING ,"MASUD AKTHER (MIJAN),ROOM -207,418-3 SHINDORIM DONGKURO ¿GU SEOUL KOREA ."
38387,MAXIM AUSTRALIA PTY LTD ,"MR. MOHAMMED YOUSUP (MURAD),52 A FOSTER STREET DENDENONG VIC 3175,52 A FOSTER STREET DENDENONG VIC 3175MELBOURNE, AUSTRALIA ."
38388,SUNFOODS ENTERPRISES,"MR. AZAM KHAN,33 INDUSTRIAL ESTATES,GREATER GEORGETOWN GUYANA,(SOUTH AMERICA)."
38389,ASPEN TRADING & CONTRACTING CO.,"MR. MOHAMMAD ABDUL ODUD,P.O. BOX NO. 13839,DOHA, QATARDOHA, QATAR."
38390,ZARAH HASAN MANSUR TRADING EST,"MR. MD. ASHRAF KHAN,C.R NO. 1010235692 C.C NO.185488,RIYADH, KSARIYADH, KSA."
38391,BEST PRICE SUPERMARKE,"MR. FUAD AHMED,126, HALDON ST, LAKEMBA,126, HALDON ST, LAKEMBANSW, SYDNEY, AUSTRALIA."
38392,RANGDOL ENTERPRISE,"BANGLADESH EMBASSY COMPLEX,BANGLADESH EMBASSY COMPLEX,HIG (3) UPPER CHHUBACHUTHIMPHU, BHUTAN."
38393,IBRAHIM HAJEE AZIZ AL-RAHMAN,"MR. RAHMAN YOUSEF,P.O. BOX. 11405 ,AMMAN 11123, JORDAN AMMAN 11123, JORDAN ."
38394,FINAMARK,"MR. ATTAL,PARCELLES ASS,DE GUENTABA, N 18, BP-1203DAKAR, SENEGAL."
38395,EVERJOY ENTERPRISE ,"MR. BABLU,BAKUR BAZAR, DAWKI,JAINTIA HILLS DISTRICTMEGHALAYA-793109, INDIA.."
38396,SUNRISE MARK SDN.BHD,"MR. WEE JUAN CHIEN,10 JALAN PERMATANG ,15, TAMAN DESA JAYA, 81100 JOHOR BAHRUJOHOR, MALAYSIA   ."
38397,FOURTEEN FORTYONE LIMITED,"MR. KUTUB UDDIN,57 WHITECHAPEL ROAD,LONDON E1 1DU , UKLONDON E1 1DU , UK."
38398,MARHABA TRADING CC,"MR. FAROUK ALI,7 SWORDFISH STREET,LENASIA, JHB, GAUTENG PROVINCESOUTH AFRICA."
38399,SOMEX S. A,"1-2 AVENUE DES ARTS,B-1210 BRUXELLES, BELGIUM,1-2 AVENUE DES ARTSB-1210 BRUXELLES, BELGIUM."
38400,BISMILLAH HOLDINGS  LTD.,"MR. AMIN RAHMAN ,P.O. BOX 2289,BOROKO 111, NCD PAPUA NEW GUINEA."
38401,MOON TRADING," 317,COMMERCIAL ROAD, LONDON E-12PS UK, PORT:FELEXSTOWE."
38402,BOND TRADING," A 228 RIVER SIDE, BUSINESS CENTRE, BONDON VALLEY,LONDOUK."
38403,MILION BANGLA STORE," VIA LAZZARO PALAZZI 8-2014,, MILANO,ITALY, PORT:GENOA."
38404,M 2 A.  EXPORT,"1 RUE GARNIER,92200,92200 NEUILLY-SNEUILLY-S."
38405,AZKA   IMPEX,"79  IMPERIAL ROAD  BORDESLEY GREEN,BIRMINGHAM  B9 5HA  UK,BIRMINGHAM B9 5HA  UKUK."
38406,INTROPA N.V (BELGIUM),"INTROPA BUILDING,APPELMANSSTRAAT-32,2018 ANTWERP,BELGIUM,BELGIUM2018 ANTWERP."
38407,SEELAND (GERMANY),"MUNCHENER STRABE 8,60329 FRANFURT, GERMANY,60329 FRANFURT, GERMANY60329 FRANFURT, GERMANY."
38408,R D INTERNATIONAL,"VIA AGUSTO DULCERI,PARTETI LVA 06814301005,ITALYITALY."
38409,M-2A,"MS VERONIQUE LE PLENIER,53, AVENUE VICTOR HUGO,75116 PARISFRANCE."
38410,EURO TRADE,"ARZOU HASSANALY,3, ALLEE DE LA SEINE,94200 IVRY SUR SEINE, PARISFRANCE."
38411,SAM EXPORT,"AKBARALY SAM,72, BD SAINT GERMAIN,75005 PARISFRANCE."
38413,MR. NAZRUL ISLAM ALIMANTRI,"VIA LA MARMORA-29,VIA LA MARMORA-29,ANG VIA PE-AMEDEO-229/30, PARTITAITALY."
38414,BENGAL EXPORT IMPORT,"MR. MALEK,DI MALEK MONURAZZAMAN,39100 BOLZANO-VIA ROSMINI 3 B ITALY."
38415,S.T.S SUPER MARKET,"MD. SYDUR RAHMAN,BLOCK-163 YUNG PING ,ROAD-01-90, SINGAPOREROAD-01-90, SINGAPORE."
38416,MANGALAM IMPORT HOUSE,"MANGALAM IMPORT HOUSE,THIMPHU, BHUTAN,THIMPHU, BHUTANTHIMPHU, BHUTAN."
38417,MOHAMED MUSTAFA & SAMSUDDIN CO PTE. LTD,"MR. MOHD SALEEM ,MUSTAFA CENTRE ,145, SAYED ALWI ROADSINGAPORE, 207704."
38418,JIBRIL DISTRIBUTION ,"MR. ABUBAKAR JIBRIL ,4720 4TH STR NE,MINNEAPOLIS MN 55421USA."
38419,OCEAN TRADE ENTERPRISE,"MR. JACKY LING,17, JLN SJ 8/1B TAMAN SEREMBAN JAYA,SENAWANG, 70450, SEREMBANNEGERISEMBILAN."
38420,EAST ASIA GENERAL STORE,"MR. MEMREZ KHAN,G/F, 55 BATTERY STREET,YAUMATEI, KOWLOONHONGKONG."
38421,E. AKHALWAYA & SONS,"MR. FARHAAD AKHALWAYA, DIRECTOR,13 CENTRAL ROAD,FORDSBURG, JOHANNESBURG2029, SOUTH AFRICA  ."
38422,HARKA MAN PRADHAN,"HARKA MAN PRADHAN,TSHONGKHANG,THIMPHU, BHUTANTHIMPHU, BHUTAN."
38423,RINZIN LHAMO TSHONGKHANG,"RINZIN LHAMO TSHONGKHANG,DRUK SHOPPING COMPLEX,THIMPHU, BHUTANTHIMPHU, BHUTAN."
38424,ATHENS TRADING HOUSE WLL ,"ATHENS TRADING HOUSE WLL ,P.O BOX NO: 2181,MANAMA , BAHRAIN MANAMA , BAHRAIN ."
38425,COMILLA STORE  ,"AL FATEH CENTER, ROAD 1129,MUHARRAQ 211,SHOP NO: 28. BUILDING NO: 1667KINGDOM OF BAHRAIN."
38426,M/S RAJA KHONGSIT,"RAJA KHONGSIT,DAWKI, EAST KHASI HILLS,MEGHALAYA, INDIAMEGHALAYA, INDIA."
38427,"NOBI CORPORATION SDN, BHD"," MR. FARAQUE HOSSAIN,NO-2115(1ST FL), JALAN MASJID INDIA,MALAYAN MANSION, KUALALUMPURMALAYAN MANSION,KUALALUMPUR."
38428,TENZIN  ENTERPRISE," MR. RAJESH BANSAL,PHUENTSHOLING, BHUTAN,PHUENTSHOLING, BHUTANPHUENTSHOLING, BHUTAN."
38429,ORGANIZACOES MAYORKA LDA,"ORGANIZACOES MAYORKA LDA,RUA ELIAS GARCIA - CP- 415,CABINDA, ANGOLACABINDA, ANGOLA."
38430,GIE ETS AL WAHAB ,"GIE ETS AL WAHAB ,LOT N- 01 ZI SODIDA,BP -17 777,DAKAR LIBERTE,SENEGALDAKAR LIBERTE,SENEGAL."
38431,SODIPAL S.A.,"SODIPAL S.A.,18 RT DE CLERCINE,PORT-AU-PRINCEPORT-AU-PRINCE, HAITI ."
38432,MUSTAAB A .WAGGAS GROUP OF EST,"MR ABDUS SAMAD,C.R-4030132704,,P.O BOX-NO- 11115JEDDAH ¿ 21453, KSA."
38433,DHOEDHUL ENTERPRISE,"MR. SONAM DORJI,NORZID PLAZA, NORZI,THIMPHU, BHUTANTHIMPHU, BHUTAN."
38434,FATIMA BROTHERS INC,"FATIMA BROTHERS INC,54-08 43 STREET,MASPETH, N.Y. 11378USA."
38435,AKIM CEMERLANG ENTERPRISE,"NO- 46-B, TINGKAT BAWAH,BANGUNAN PKNK, JALAN PETRI,08000, SUNGAI PETANIKEDHA DARUL AMAN, MALAYSIA."
38436,TELEBAY TRADING SDN.BHD,"NO-7 JLN TUN TAN SIEW SIN,KUALALUMPUR, MALAYSIA,KUALALUMPUR, MALAYSIAKUALALUMPUR, MALAYSIA."
38437,SIRAJGONG SDN BHD,"MR. BABU,LG THE SUMMIT BM PLAZA,14000 PENANG, MALAYSIA14000 PENANG, MALAYSIA."
38438,MD. KIBRIA CHOUDHURY,"MD. KIBRIA CHOUDHURY,ABDUL MAJID ROAD (BONOMALI),PO + DIST: KARIMGANJASSAM, INDIA."
38439,KASIYANI (M) SDN.BHD,"NO-G55, JALAN SEMENYIH SENTRAL ,1, SEMENYIH SENTRAL,,43500 SEMENYIH SEALANGORDARUL EHSAN MALAYSIA."
38440,ARLANSIN BCN S.L,"MR. MINTO   MR. TAZUL ISLAM ,C/ NOU DE LA RAMBLA 18 BAJOS,08001 BARCELONA, SPAINSPAIN, CIF: B- 62748553."
38441,MR. MOINUDDIN,"MR. MOINUDDIN,TABUK (KSA),TABUK (KSA)TABUK (KSA)."
38442,PHUENTSHO TSHONGKHANG ,"MR. RAJESH BANSAL,UPPER MARKET,PHUENTSHOLING, BHUTANPHUENTSHOLING, BHUTAN."
38443,ENSHAAT AL QEMA,"MR. HANIF,C.R NO-3550011625-4,P.O NO-2023, AL.QASSIM HILAAL.QASSIM HILA, KSA,."
38444,MR TRADING INTERNATIONAL ,"MR TRADING INTERNATIONAL ,106,SCAT URBAN,GRAND YOFF,DAKAR,SENEGAL."
38445,SEGA EXPORTS LTD ,"UNIT NO.8, 6/F , TOWER A ,HUNGHOM COMMERCIAL CENTRE,37-39 MA TAU WAI ROAD     KOWLOON, HONGKONG."
38446,BANGLA BAZZAR MINI SUPERMARKET,"MR. HUMAYON KABIR,VIA PORTABUIA 50/52,52700 AREZZOITALY."
38447,COMMERCE MEDERN INT.,"COMMERCE MEDERN INT.,IMPORT EXPORT  ,JNAH AL-TAJJ BUILDING BEIRUT LEBANON ."
38448,RAJ KAMAL CORPORATION LTD.,"MR. MUSTAFA KAMAL,RAJ-KAMAL CORPORATION,RAYERBAG, MATUAILDEMRA, DHAKA."
38449,STE GUY IMPEX  ,"STE GUY IMPEX  ,BP 11087, KINSHASA,REP DEM CONGOREP DEM CONGO."
38450,PADIBERAS NASIONAL BEHARD ,"LEVEL 8B, 9 10 N 19 CP ,TOWER, NO-11, SECTION 16/11,46350 PETALING JAYASELANGOR, MALAYSIA."
38452,BADARUDDIN CHAWDHURY,"CHITTAGONG,,BANGLADESH."
38453,TSHAN INC.,"235 PARK DRIVE,BOSTON,USAUSA."
38454,AL-AAJA TRADING EST,"C.R. # 2050040462,P.O.BOX # 11652-DAMMAM,KSAKSA."
38455,DUTCH CARIBBEAN TRADING COMPANY N.V,"MD. MOKHLESUR RACHMAN,FRANKLIN DELANO ROOSEVELTWEG,32, CURACAONETHERLANDS ANTILLES."
38456,GLOBAL ENTERPRISE A AND,"MR. AMINUL  HUDA,MARKNADSVAGEN 14,120 44 ARSTA, STOCKHOLMSWEDEN."
38457,PAMILLA IMPORT EXPORT.,"MR. JUAN OJEDA,GUAYAQUIL ECUADOR,K. NORTE AV. L. ORRANTIA C.V.H. SICOURET  (ESQ.)."
38458,BUILTECH UK LTD,"MR. YASIN SULTAN,105A, WARREN STREE, SAVILE TOWN,DEWSBURY, WEST YORKSHIREUK."
38459,MOHANNAD ZAMIL HAMZA ABU AL TAHER EST,"MR. RAHMAN,C. R. NO. 4030054491,P.O. BOX NO. 20178JEDDAH-21455, KSA."
38460,GOUTAM ROY,"JOGENDRA NAGAR,AGARTALA-799001,,WEST TRIPURA, INDIA,WEST TRIPURA, INDIA,."
38461,ALPHA  DISTRIBUTION COMPANY,"ALPHA  DISTRIBUTION COMPANY,P.O.BOX 44, SPINTEX ROAD.,ACCRA, GHANA.ACCRA, GHANA.."
38462,SODIPOC,"SODIPOC,PORT GENTIL, GABON  ,PORT GENTIL, GABON  PORT GENTIL, GABON  ."
38463,LAXMI INTERNATIONAL ,"MR. RAJESH ,A/ 501, GASPER ENCLAVE,PALI NAKA, OFF TURNER ROADBANDRA (W) , MUMBAI - 400 050."
38464,MUTAAB A.WAGGAS MKTG.EST.(SAMAD),"P.O. BOX: 11115, SITTEN STREET,AL-OSMAN BUILDING,,OFFICE NO. 302JEDDAH-21453, KSA."
38465,NEYAMOT HALAL STORE,"605, SOMEYA GLOW BUILDING,2-11-24 HYAKUNIN-CHO,606, SHINJUKUTOKYO. POST CODE-169-0073 ."
38466,SHARCHHOGPA TSHONGKHANG,"MR. RAM KAILASH PRASAD,GATOEN LAM, BHUTAN,PHUENTSHOLING, BHUTANPHUENTSHOLING, BHUTAN."
38467,MUTAAB A. WAGGAS MARKETING EST. (MR. NURUL KABIR),"MR. NURUL KABIR,C.R. NO: 4030132704, KSA,P.O. BOX: 11115  SITTEN STREETAL-OSMAN BUILDING,JEDDAH 21453."
38468,BDESH TRADING CO LTD.,"MR. KABIR ,02, ST.29 SANGKAT TONLE BASSAC,PHNOM PENH, COMBODIA,PHNOM PENH, COMBODIA,."
38469,PODDER TRADERS,"BINOY KRISHNA PODDER,MATH CHOWMUHANI,COLLEGE ROAD AGARTALAWEST TRIPURA, INDIA.."
38470,MUTTAB A. WAGGAS MARKETING EST. (MR. REZAUL KARIM),"C.R. NO: 4030132704,SITTEN STREET,P.O. BOX: 11115  AL-OSMAN BUILDING,OFFICE NO: 302JEDDAH 21453, KSA."
38471,SURESH CHANDRA DEBNATH,"M/S BAISKHI TRADERS,32, N.S ROAD, AGARTALA,WEST TRIPURA, INDIA.WEST TRIPURA, INDIA.."
38472,JANGSHAR AGENCY,"MR. RAM KAILASH PRASAD,THUEN LAM,PHUENTSHOLINGBHUTAN."
38473,LOW FIELDS ENT:,"P.O.BOX # CT1981.,P.O.BOX # CT1981.,ACCRA, GHANAACCRA, GHANA."
38474,KAUSHIKI ENTERPRIZE,"KRISHNENDU PAUL,RAMKRISHNO NAGAR, KARIMGONJ,KARIMGONJ, ASSAMASSAM, INDIA."
38475,JOGANIAR,"RASEL HUSSAIN,CITI COMPLEX, KALAPAHAR I/A,GUWAHATI, ASSAMASSAM, INDIA."
38476,GANGOTRI AYAT NIRYAT,"MR. PROBIN LOHIA,DHUMBARAHI MARG, BISHAL NAGAR,KATHMANDU, NEPALKATHMANDU, NEPAL."
38477,ANWAR AL FERDOUS CO.,"ANWAR AL FERDOUS CO.,DUBAI CENTRE,JLEEB AL SHUWAIKH, KUWAIT.JLEEB AL SHUWAIKH, KUWAIT.."
38478,CHUKHA TSHONGKHANG,"MR. K. C. TSHONGKHANG,PHUENTSHOLING, BHUTAN,PHUENTSHOLING, BHUTANPHUENTSHOLING, BHUTAN."
38479,STAR HOME INTERNATIONAL COMPANY,"STAR HOME INTERNATIONAL COMPANY,P.O BOX NO:3021,DOHA QATARDOHA QATAR."
38480,TOP CHRONOSERVICES,"CHEIKH YOUBA ABDEL WAHAB,BP:2720,SEBKHA D 03-0010,NOUAKCHOTT,MAURITANIANOUAKCHOTT,MAURITANIA."
38481,POH ZUA PTE. LTD,"MR. PATRICK POH,BLK 977 JURONG WEST ST 93 # 01-K1,SINGAPORE (640977)SINGAPORE (640977)."
38482,EICO SA,"EICO SA,NOUAKCHOTT,MAURITANIA,NOUAKCHOTT,MAURITANIANOUAKCHOTT,MAURITANIA."
38483,AL MOUWAZIG,"MOHAMED AL MOURABIT,NOUAKCHOTT,MAURITANIA,NOUAKCHOTT,MAURITANIANOUAKCHOTT,MAURITANIA."
38484, M/S LOKENATH ENTERPRISE," M/S LOKENATH ENTERPRISE,PATHER KANDA ROAD, KARIMGANJ, ASSAM,INDIA # 788711INDIA # 788711."
38485,SAGOR MATHA TV CENTRE,"SAGOR MATHA TV CENTRE,BHOPAL BETUWAL, BIRDA MOD,JHAPA, NEPALJHAPA, NEPAL."
38486,SEA MILLENIUM TRADE(M) ,"MR. WAHIDUR RAHMAN,NO 41-2, JALAN RADIN ANUM SATU,BANDAR BARU SERI PETALING57000 KUALA LUMPUR, MALAYSIA."
38487,MIGKAR DORJI TSHONGKHANG,"K. C. TSHONGKHANG,PARO, BHUTAN,PARO, BHUTANPARO, BHUTAN."
38488,NOBLE IMPORT & EXPORT PTE LTD.,"MR. BILL ANG ,BLK 265,SERANGOON CENTRAL DRIVES # 02-277SINGAPORE 550265.."
38489,A D ENTERPRISE,"A D ENTERPRISE,LONGAI ROAD, KARIMGANJ,ASSAM, INDIAASSAM, INDIA."
38490,MARCHE SWADESH INC. ,"MR. SAYEED/MR.SADIK  ,484 OGILVY, MONTRIL QC,H3N1M6, CANADAH3N1M6, CANADA."
38491,PRAN FOOD & PLASTIC DISTRIBUTION AUSTRALIA. ,"MOHAMMED MAKSUDUL ALAM SHEIKH,27 A, DAVID ST. ALTONA, VIC-3018.,AUSTRALIAAUSTRALIA."
38492,MR. BASHEER JAMIL SAID SHAHWAN,"MR. BASHEER JAMIL SAID SHAHWAN,GANGA RESTURANT - AL-SHABSOGH STRE.,SHABSOGH BUILDING -GROUND FLOORAMMAN, JORDAN."
38493,SONAM YANGZOM TSHONGKHANG,"K. C. TSHONGKHANG,THIMPHU, BHUTAN,THIMPHU, BHUTANTHIMPHU, BHUTAN."
38494,USMANE BAH (U B AUT0),"USMANE BAH (U B AUT0),BP: 5830, BELLEVUE ROND POINT,CONAKRY, GUINEACONAKRY, GUINEA."
38495,CIDIMEX SARL,"CIDIMEX SARL,B P 5336, POINTE NOIRE,REP OF CONGOREP OF CONGO."
38496,M/S AJIT DEB,"M/S AJIT DEB,OLD STATION ROAD,KARIMGANJ ASSAM, INDIA. KARIMGANJ ASSAM, INDIA. ."
38497,PADMA CO LTD,"MR. ROCKY CHAKLADER (BADAL),3-426-2 TAKASU , MISATO CITY,SAITAMA, JAPANSAITAMA, JAPAN."
38498,JANONI ENTERPRISE SL,"SHOWKAT ALI MUZUMDER,CIF- B -84876879, C, MIRAEL SOL  NUM 1,28005 MADRID, SPAIN28005 MADRID, SPAIN."
38499,LAKY SOC COOP ARL,"APU,VIA -NINO BIXIO 71, PIVA  -08159851008   ,00185 ROMA -ITALY00185 ROMA -ITALY."
38500,SHARRIG TSHONGKHANG,"C. TSHONGKHANG,CHANGLAM,THIMPHU, BHUTANTHIMPHU, BHUTAN."
38501,SUPERMARCHE NOUGAPRIX,"MR ELMI,GROUP AL - GAMIL,Z.I.S. GABODE - B.P.2997 REPUBLIQUE  DE DJIBOUTI."
38502,CEDICOM,"HACHEM MOHAMAD,BP 2026 LIBREVILLE,BP 1385 PORT-GENTILGABON."
38503,AJRYAN IMPORT & EXPORT CO. LTD,"8-10 BLVD PITOT STREET,PORT LOUISE, REPUBLIC OF MAURITIUS,PORT LOUISE, REPUBLIC OF MAURITIUSMAURIRIUS."
38504,LUWAM TRADING,",ASMARA ERITRIA,ASMARA ERITRIAASMARA ERITRIA."
38505,SHARIAR ENTERPRISE,"12/5/A, TOLARBAGH,MIRPUR - 1,DHAKA - 1216DHAKA."
38506,HAPPY SUPER MARKET SDN.BHD,"MR. NIPU,NO: 5, JLN YAP AH LOY,50050 KUALALUMPUR, MALAYSIA50050 KUALALUMPUR, MALAYSIA."
38507,MARINA MARKET BURKINA FASU,"MARINA MARKET BURKINA FASU,01-BP-516 ,OUYAGA 01BUIRKINA FASU ."
38508,MARINA MARKET NIGERE,"MARINA MARKET NIGERE,AVENUE DE L`AMITE ,NIAMEY , NIGER  NIAMEY , NIGER  ."
38509,M/S BOTHRA INTERNATIONAL,"M/S BOTHRA INTERNATIONAL,MANKACHAR,DHUBRI ASSAM, INDIADHUBRI ASSAM, INDIA."
38510,TAJ INDIA INTERNATIONAL,"TAJ UDDIN ,FULBARI, PO-SHIALTAK,CACHARCACHAR."
38511,SONPELZ ENTERPRISE,"TASHI TOBGYET DORJI,DEKILAM,PHUENTSHOLINGBHUTAN."
38512,DHAKA IMPORT & EXPORT CO,"DHAKA IMPORT   EXPORT CO,P.O BOX : 7175,ZARQA, JORDANZARQA, JORDAN."
38513,MRINALINI  ASSOCIATES ,"MRINALINI  ASSOCIATES ,MOHAN ROAD, PO- KARIMGANJ,KARIMGONJ, ASSAMKARIMGONJ, ASSAM."
38514,YANGDEN TSHONGKHANG,"C DORJI,THIMPHU, BHUTAN,THIMPHU, BHUTANTHIMPHU, BHUTAN."
38515,J.I.  FROZEN FOODS SNC,"MR. ZAHANGIR ALAM ,VIA  SCARLATTI - 7,20124 MILANO (MI), ITALY20124 MILANO (MI), ITALY."
38516,SOSEDIS,"SOSEDIS,BP: 17 173, RUE 13 PROLONGEE X BOURGUIBA,ZI SODIDA, ZONE SONEPI LOT NO 70  LIBERTE, DAKAR, SENEGAL   ."
38517,PREM INTERNATIONAL,"PREM INTERNATIONAL,PURBI COMPLEX ,AT ROAD, GUWAHATIASSAM, INDIA.."
38518,ETC MALDIVES PVT. LTD.,"AHMED MUJUTHABA,MA THIBROSE, 4TH FLOOR,ISKANDAR MAGUMALE, MALDIVES."
38519,M/S  PASHUPATI  SALES  CONCERN,"M/S  PASHUPATI  SALES  CONCERN,RAMNATH MARG,BIRATNAGAR-16, NEPAL  BIRATNAGAR-16, NEPAL  ."
38520,TENXING WINE SHOP,"TENXING WINE SHOP,PARO,TSHONGDU BAZAR,TSHONGDU BAZAR,BHUTAN.TSHONGDU BAZAR,BHUTAN.."
38521,REETIKA GLOBAL TRADING PTE LTD,"19 ROBERTS LANE,SINGAPORE-218298,SINGAPORE-218298SINGAPORE-218298."
38522,OVIYAM INTERNATIONAL PTE LTD,"BIJOY MATHAI,126 JOO SENG ROAD,02-07 GOLDPINE INDUSTRIAL BUILDINGSINGAPORE-368355."
38523,CHOEKI WANGMO TSHONGKHANG,"CHOEKI TSHONGKHANG,SUPER MARKET, PHUENTSHOLING,PHUENTSHOLING, BHUTANPHUENTSHOLING, BHUTAN."
38524,KHALED ABDUL MAJID MOHAMMED ABDUL AAL EST,"MR. HARIHS (BD),AMMAN, JORDAN,AMMAN, JORDANAMMAN, JORDAN."
38525,SAFCI LDA (REP OF ANGOLA),"M KONTÉTO,LUANDA,ANGOLA,LUANDA,ANGOLALUANDA,ANGOLA."
38526,ARDH AL-QIMMAH GEN TRAD & CONT.CO,"ANNAYET ULLAH PANNA,AL-ATABA COMPLEX-1ST ENTRANCE (2ND  FLOOR, OFF. NO,BEIRUT STREET, HAWALLY, KUWAITBEIRUT STREET, HAWALLY, KUWAIT."
38527,BASIL FADEL ABASS ALSHLEAN,"JASSIM ABDULLAH,BASRA, IRAQ,BASRA, IRAQBASRA, IRAQ."
38528,SATTER $ BROTHERS,"SATTER $ BROTHERS,OLD STATION ROAD,KARIMGANJ ASSAM, INDIAKARIMGANJ ASSAM, INDIA."
38529,POLATOME-TOGO,"MR. JEAN,BD DU HAHO BP 10117,LOME TOGOLOME TOGO."
38530,NDEREH ENTERPRISES,"ALPHA M. BAH,2 SANI ABACHA STREET FREETOWN,SIERRA LEONE WEST AFRICASIERRA LEONE WEST AFRICA."
38531,NRN PTE LTD ,"MR. NAIMUL HAQUE (BD) ,320 SHERANGOOM ROAD, # 04-04 SHERANGOON PLAZA,SINGAPORE 218108SINGAPORE 218108."
38532,NOVAGOL LDA,"MR DEMBO SYLLA,LUANDA, ANGOLA,LUANDA, ANGOLALUANDA, ANGOLA."
38533,PLAN AFRICA HOLDING GUINEA SARL,"OMER BIFARY,IMMEUBLE BAKARY DIABY EN FACE DU MARCHÉ,NIGER, ALMAMYA,COMMUNE DE KALOUMCONAKRY,GUINÉE, P.O BOX -BP: 6."
38534,K & K CORPORATION ,"MR. UTTAM KUMAR ,65, FARASHGANJ,SHAMBAZAR, DHAKA SHAMBAZAR, DHAKA ."
38535,M/S GREEN BIRD ,"MR. GAZI MD. SAMOEL ,216, NORTH SHAJAHANPUR,BESIDE PABNA HOMIO HALLPABNA SADAR."
38536,AMPRO PTE LTD,"MR. IRFAN,2 KALLANG AVE # 06-06,KALLANG BAHRU COMPLEXSINGAPORE 339407."
38537,GOVINDA'S & RADA RANY TRADING,"MR. GOVINDA,BLK 417 UNIT 03# 965,JURONG WEST ST. 42SINGAPORE 640417."
38538,M/S TAJ INDIA INTERNATIONAL (UA),"M/S TAJ INDIA INTERNATIONAL (UA),VILL: FULBARI, PO-SHILTAK,DIST-CACHAR, ASSAM, INDIAASSAM, INDIA."
38539,BANGLA-UK DISTRIBUTION LTD.,"MR. SAGOR,UNIT-28, ATTIC SELF STORAGE LTD,1, MAVERTON RDLONDON E3 2JE, UK.."
38540,MARINA DISTRIBUTION CO. LTD,"ZIAD RESTOM ,P.O.BOX P.M.B CT 124 CANTONMENT,ACCRA, GHANAACCRA, GHANA."
38541,Z KASHETO YEPTHOMI,"Z KASHETO YEPTHOMI,H. NO. 402, 4 TH MILE,DIMAPUR, NAGALANDDIMAPUR, NAGALAND."
38542,TASHI ENTERPRISE,"TASHI ,LOWER MARKET, PLOT # 57A, WANGDI BUILDING,JORDEN LAM, PHUENTSHOLING, BHUTANJORDEN LAM, PHUENTSHOLING, BHU."
38543,KHADEM TRADE SENEGAL ,"KHADEM TRADE SENEGAL ,8-BIS-B, AVENUE HYACINTHE THIANDOUM ,A COTE DE STATION OLIBYASCAT URBAN, DAKAR, SENEGAL."
38544,PRAN FOODS (M) SDN.BHD ,"PRAN FOODS (M) SDN.BHD ,NO-1 JALAN PBS 14/3 TAMAN PERINDUSTRIN,BUKIT SERDANG, SREIKAMBAGAN43300 SELENGOR,MALAYSIA."
38545,M/S UTPAL MARAK,"M/S UTPAL MARAK,BARENGAPARA, P.O - BARENGAPARA,WEST GARO HILLSMEGHALAYA-794103, INDIA.."
38546,DASIE BHAI MINIMART PTE LTD,"DASIE BHAI MINIMART PTE LTD,25 BIRCH ROAD,SINGAPORE-219890SINGAPORE-219890."
38547,JAN UK LTD.,"MR. NUHIN KAZI,20 SKYLINE VILLAGES,LIMEHURBOUR CANARY WARFLONDON, E14 9TS UK."
38548,MALAKA COMPANY ,"OMAR ABDEL LATIF ALI TALEB,AMMAN, JORDAN   ,AMMAN, JORDAN   AMMAN, JORDAN   ."
38549,OKI GENERAL TRADING LLC,"MR SURENDRA SINGH CHOUDHARY,DEIRA DUBAI, UAE,DEIRA DUBAI, UAEDEIRA DUBAI, UAE."
38550,SOLO REEM MULTI ACTIVITIES CO. LTD,"ABOOD MOHAMED ABDEL RAHMAN IBRAHIM,EL AMARAT,STR-15,KHARTOUM ,SUDANKHARTOUM ,SUDAN."
38551,NORLHA ENTERPRISE,"RAJU BANSHALI,LOWER MARKET, JORDEN LAM,PHUENTSHOLING, BHUTANPHUENTSHOLING, BHUTAN."
38552,EPIGNOSIS GLOBAL VENTURES,"MR HILLARY ONWUZURUMBA (CEO),BD DU 13 JANVIER,BP : 3742LOME-TOGO."
38553,SANGAY TSHONGKHANG,"NAMGAY WANGCHUK,MONGAR, EAST BHUTAN,BHUTANBHUTAN."
38554,SANGCHO ENTERPRISE,"SANCHHO,DEKILAM,PHUENTSHOLING, BHUTANPHUENTSHOLING, BHUTAN."
38555,6M FINE FOODS INC,"MOHAMMED BAQUIE,6442 TENTH LINE W,MISSISSAUGA, CANADAMISSISSAUGA, CANADA."
38556,MELISSA SPICE TRADING,"SALEH AHEMED,123 GLEN AVE, GLEN ROCK,NJ07452, USANJ07452, USA."
38557,ROYAL FOODS LTE. COMPANY,"ATEF ZALAKET,1117 GEORGE AVE N8Y2X4,WINDSOR ONTARIO, CANADAWINDSOR ONTARIO, CANADA."
38558,C W ENTERPRISE,"TASHI TOBGAY,THIMPHU, BHUTAN,THIMPHU, BHUTANTHIMPHU, BHUTAN."
38559,KAZANG TSHONGKHANG,"GRUMG TSHONGKHANG,PHUENTSHOLING, BHUTAN,PHUENTSHOLING, BHUTANPHUENTSHOLING, BHUTAN."
38560,ULUMBI - COMERCIO E SERVICOS,"MR NANDO,VIANA KM12, RUA D, NO. 185,LUANDA , REP DE ANGOLALUANDA , REP DE ANGOLA."
38561,MUSTARI ENTERPRISE PTE LTD,"MUSTAFIZUR RAHMAN,NO.2 TUAS SOUTH AVE 2, # 01-3,SINGAPORESINGAPORE."
38562,MOHAMMED BIN LUQMAN BIN ABDUL SATTAR EST,"ANWAR,JEDDAH, KSA,JEDDAH, KSAJEDDAH, KSA."
38563,HORYAL KENYA LTD,"ABDIAZIZ O MOHAMUD,PO BOX: 16201-00610GPO,NAIROBI, KENYANAIROBI, KENYA."
38564,UT ENTERPRISE,"THIMPU,THIMPU, BHUTAN,THIMPU, BHUTANTHIMPU, BHUTAN."
38565,EURO ASIAN SNC,"DI AMZAD HOSSAIN GORAPI   C (AKHTER HOSSAIN ),DI AMZAD HOSSAIN GORAPI   C,PIAZZA PAPA GIOVANNI XXIII° 4120030 SENAGO (MI), ITALY."
38566,YANGZOM ENTERPRISE,"PHUENTSHOLING,PHUENTSHOLING, BHUTAN,PHUENTSHOLING, BHUTANPHUENTSHOLING, BHUTAN."
38567,OVERSEAS TRADING COMPANY,"B-2030- ANTWERP,B-2030- ANTWERP, BELGIUM,B-2030- ANTWERP, BELGIUMB-2030- ANTWERP, BELGIUM."
38568,SABAA INDUSTRIAL DEVELOPMENT CO,"NO 23 -WEST SEVEN ALLEY ,BADR STREET, HKANI ABAD, ZIP CODE# 1894186936,TEHRAN, IRANTEHRAN, IRAN."
38569,"SHAH DISTRIBUTORS, INC","ANAS SHAH,540 PATRICE PLACE, GARDENA,CA 90248, USACA 90248, USA."
38570,MACFI -COMERCIO E INDUSTRIA E IMPORT-EXPORT LDA,"MR PEDRO,MACFI -COMERCIO E INDUSTRIA E IMPORT-EXPORT LDA,LUANDA, ANGOLALUANDA, ANGOLA."
38571,AMINUR RASHID CHOWDHURY (B),"UPPER ASSAM,UPPER ASSAM,UPPER ASSAM, INDIAUPPER ASSAM, INDIA."
38572,SONAM TSHONGKHANG ,"SUMDRUPJONGKHAR,SUMDRUPJONGKHAR, BHUTAN,SUMDRUPJONGKHAR, BHUTANSUMDRUPJONGKHAR, BHUTAN."
38573,AL-KAMAR AL-KUWAITI EST,"SAM G. NILAMEL,P.O. BOX NO. 46106,FAHAHEEL-64012, KUWAITFAHAHEEL-64012, KUWAIT."
38574,BIMEX LDA ,"PRAIA,CAPE VERDE,CAPE VERDECAPE VERDE."
38575,PRAN BEVERRAGES INDIA PVT LTD,"31. H.G.B ROAD JAGAT BAZAR,AGARTALA,TRIPURA, INDIATRIPURA, INDIA."
38576,AFK INTERNATIONAL PTY LTD,"ABU JHAN,75-77 , YERRICK ROAD,LAKEMBA , SYDNEY , NSW 2195AUSTRALIA."
38577,EASTERN TRADERS,"163/B, M.G. ROAD, 1ST FLOOR,163/B, M.G. ROAD, 1ST FLOOR,KOLKATA-700007KOLKATA-700007."
38578,NURDIM BUMEDIEN MOHAMEDI,"MR. NURDIM B,DISTRIBUCIONES IARA,52006 MELILLA, SPAIN52006 MELILLA, SPAIN."
38579,MAURIMPEX LTD,"EURL LANTANA ,24 AVE DUPÉRRÉ ¿ QUATRE BORNES ,MUARITIUSMUARITIUS."
38580,"4LESS EXPORT, CABINDA","124 WEST DUBLIN PIKE(ROUTE313),PERKASIE,PENNSYLVANIA 18944 USAPENNSYLVANIA 18944 USA."
38581,"STAR SNACKS CO,LLC","AMIR ROSNER,105 HARBOR DRIVE, JERSEY CITY,NEW JERSERY, NJ 07305, USANEW JERSERY, NJ 07305, USA."
38582,OSHIN INTERNATIONAL,"RAFI AHMED,444, LUMSDEN AVE. SUITE - 1604,TORONTO. ON. M4C 2L8, CANADATORONTO. ON. M4C 2L8, CANADA."
38583,MALIK KARMALY,"EAGLE TRADE,TSARAFARA, SABOTSY NAMENA,ANTANANARIVO, MADAGASCARANTANANARIVO, MADAGASCAR."
38584,EURO CROSS FROZEN FOODS (LONDON) LTD ,"ABDUL ROB,UNIT 17-18, BELLINGHAM TRADING ESTATE,FRANTHOME WAY, LONDON, SE6 3BXFRANTHOME WAY, LONDON, SE6 3BX."
38585,UNITED AIRWAYS BD LTD,"1, JASIMUDDIN AVENUE,SECTOR: 03, UTTARA MODEL TOWN,UTTARA, DHAKA-1230UTTARA, DHAKA-1230."
38586,JAIN INTERNATIONAL (UP & DELHHI) (WEST BENGAL),"KARIMGANJ,ASSAM, INDIA # 788711,ASSAM, INDIA # 788711ASSAM, INDIA # 788711."
38587,BEST VALUE INC,"OLIUR RAHMAN,12460 CONANT,HAMTRAMICK, MI 48212, USAHAMTRAMICK, MI 48212, USA."
38588,FARAYYA IMPORT TRADING CO; LTD,"YOUSEF H. AZIZ RAHMAN,P.O.BOXNO.11405 ,AMMAN-11123, JORDANAMMAN-11123, JORDAN."
38589,FIRST PYRAMID,"EXPORTACO E IMPORTACAOES LDA,1050-094, LISBOA,PORTUGALPORTUGAL."
38590,BEIJING CHANGTAIHE TRADING CO. LTD,"MR. IVAN LEE,ROOM 722, NO.58 DONGXINGLONGJIE,CHONGWEN DISTRICTBEIJING. CHINA."
38591,MEHEDI HADI AL HARTHI TRADING EST,"ABDUR RAHMAN TITU,CR NO-2055013026 ,DAMMAMDAMMAM."
38592,JAIN INTERNATIONAL (N),"NAGALAND,NAGALAND,NEI, INDIANEI, INDIA."
38593,CODEN TSHONGKHANG,"PHUENTSHOLING,PHUENTSHOLING,BHUTANBHUTAN."
38594,K.W IMPORT AND EXPORT INC ,"MR. WAHED,3018 DANFORTH AVE,TORONTO, ONTARIO M4C 1M7, CANADAONTARIO M4C 1M7, CANADA."
38595,PRAN BEV. INDIA PVT. LTD-2,"PRAN BEV. INDIA PVT. LTD-2,KALKATA WB-72,INDIAINDIA."
38596,RAJ RUMEL UK LTD,"MR SHOMUJ MIAH,37 ABERFELDY STREET,LONDON, E14 ONU, UKLONDON, E14 ONU, UK."
38597,ABDOS MULTIFOOD AB,"YOUSSEF ABDO,DASKAVAGEN 55-21229 MALMO,DASKAVAGEN 55-21229 MALMOSWEDEN."
38598,M.M. INTERNATIONAL IMPORT AND EXPORT TRADING CO,"1/F YAO NAM MANSION,97 NAM CHEONG ST, SHAM SHUI PO,KOWLOON, HONGKONGKOWLOON, HONGKONG."
38599,TIANJIN JIN YONG FENG IMPORT AND EXPORT CO. LTD,"MS CHENG,D-1102, WANSHUN GARDEN,NO. 89 HUANGPU ROADTIANJIN, 300201 CHINA."
38600,FAHMAN ENTERPRISES INC,"MUHAMMAD NAJEEB KHAN,3701 MARQUIS DRIVE STE 109,GARLAND, TX 75042, USAGARLAND, TX 75042, USA."
38601,TAJ INT SARL,"DUBAI PEARL BLDG,2ND FLOOR, 207, NASSER SQUER,DEIRE DUBAI UAEDEIRE DUBAI UAE."
38602,UNIVERSAL DISTRIBUTION CENTER,"ANA URBAS ,96 DISTRIBUTION BLVD,96 DISTRIBUTION BLVDEDISON, NJ 08817, USA."
38603,FINE LTD,"SHAR -E- NAW, CHARAHI HAJI YAQQOB,KABUL,  AFGHANISTAN,KABUL,  AFGHANISTANKABUL,  AFGHANISTAN."
38604,FOOD CORPORATION OF BHUTAN (FCB),"PHUENTSHOLING,PHUENTSHOLING, BHUTAN,PHUENTSHOLING, BHUTANPHUENTSHOLING, BHUTAN."
38605,VALENCY INTERNATIONAL TRADING PTE LTD,"10 ANSON ROAD, 17-23,10 ANSON ROAD, 17-23,INTERNATIONAL PLAZASINGAPORE 079903."
38606,ARHAM INVESTMENT,"RANAURAAGE B,HITHAADHOO/ MA.,MATHIBHUNA, MALE, MALDVIES.MATHIBHUNA, MALE, MALDVIES.."
38607,PIN-NGA ENTERPRISE,"PHUENTSHOLING,PHUENTSHOLING,BHUTANBHUTAN."
38608,RUPOSHI BANGLA ENTERPRISE PL,"MR. KHALED AND  MR. SHONJOY ,172 GABRIEL ST. CLOVERDALE WA,AUSTRALIA 6105AUSTRALIA 6105."
38609,AKOTA S.A.S,"SHAH ALAM,VIA-MAMIANI 39/41/43,ANCONA, ITALYANCONA, ITALY."
38610,RN OVERSEAS,"MITRAPARK,CHABAHIL - 7,KATHMANDU, NEPALKATHMANDU, NEPAL."
38611,JAIN INTERNATIONAL ( SILIGURI),"KARIMGANJ,ASSAM,ASSAM, INDIA # 788711ASSAM, INDIA # 788711."
38612,ORIENTRADE,"89 RUE SARDA GARRIGA,97450 ST LOUIS,REUNION ISLANDREUNION ISLAND."
38613,BARAKA POUR LE COMMERCE INTERNATIONAL,"MR. BOUGHALMI FETHI.,NO2 RUE IBN EL MONDHOUR, ESSAIDYA,BARDO 2000 TUNIS, TUNISIABARDO 2000 TUNIS, TUNISIA."
38614,SURUD GENERAL TRADING CO LTD,"AIR PORT RD,JUBA, CENTRAL EQUATORIA STATE,JUBA, CENTRAL EQUATORIA STATESOUTH SUDAN."
38615,TEEJAN JALEEL LLC ,"JALEEL,PO BOX NO : 2251,RUWI, POSTAL CODE :112SULTANATE OF OMAN."
38616,SORACOES CCOMERCIO GERAL SARL,"SORACOES CCOMERCIO GERAL SARL,EAST AFRICA,EAST AFRICAEAST AFRICA."
38617,"SHADESH IMPORT AND DISTRIBUTION, INC.","5149 LEE HIGHWAY, AGLINGTON,VIRGINIA, ZIP- 22207, U S A,VIRGINIA, ZIP- 22207, U S AVIRGINIA, ZIP- 22207, U S A."
38618,MAYA OVERSEAS FOODS INC,"MR. AJAZ,48-85 MASPETH AVE,MASPETH, NY 11378, USAMASPETH, NY 11378, USA."
38619,BLUE BASKET LLC,"BLUE BASKET LLC,P.O BOX :91, POSTAL CODE :114,MUTTRAH, OMANMUTTRAH, OMAN."
38620,PRAN ASIA PACIFIC PTE LTD,"MR. ALAM,20 MAXWELL ROAD,# 08-10 MAXWELL HOUSESINGAPORE - 069113."
38621,GULF MODERN MARKETING L.L.C,"C.R. NO.1122403,P.O. BOX NO. 351, POST CODE NO. 325,LIWA- SOHAR, S. OF OMANLIWA- SOHAR, S. OF OMAN."
38622,DECHEN TSHONGKHANG  ,"PHUENTSHOLING,PHUENTSHOLING, BHUTAN,BHUTANBHUTAN."
38623,SONAM GROCERY,"PHUENTSHOLING,PHUENTSHOLING,PHUENTSHOLING, BHUTANPHUENTSHOLING, BHUTAN."
38624,STE HARI-E-HARI,"BP 5790 , AKWA,DOUALA,CAMEROONCAMEROON."
38625,WONDER INDIA,"MR. ANAND,5356 C, EAST PONCE DE LEON,STONE MOUNTAINGA 30083, USA."
38626,SORAAT AL MADAR,"ADNAN TALE-SALIH,ALGADEER ST IRAQ,ALGADEER ST IRAQALGADEER ST IRAQ."
38627,HAYATT BEVERAGE CORPORATION,"ABDELA MOHAMMED,3072 SCHUBERT DRIVE,SILVER SPRING MARYLAND 20904, USASILVER SPRING MARYLAND 20904."
38628,MOHAMMED BIN LUQMAN BIN ABDUL SATTAR EST,"ABDULLAH,C.R. NO: 4031062459, P.O. BOX:10036,HOLY MAKKAH,  ALMISFALAAL KAKIYA, MAIN ROAD, K.S.A."
38629,TST. CO FOR GHANEM TRADING,"MR. LOUAY GHANEM,LEBANON,LEBANONLEBANON."
38630,MUJEZAT ALSHIFAA TRADING ESTABLISHMENT,"JASIM MOHAMED ABDULLAH MALEK ALKENDARY,CR NO- 4030172507, JEDDAH,JEDDAH, K.S.A.JEDDAH, K.S.A.."
38631,J & S ENTERPRISE,"MOHAMED ANIS OSMANBHOY,1, NORTH BRIDGE ROAD,# 14-07, HIGH STREET CENTRESINGAPORE 179094."
38632,JAIN INTERNATIONAL(B),"UPPER ASSAM B GROUP.,KARIMGONJ ASSAM INDIA,KARIMGONJ ASSAM INDIAKARIMGONJ ASSAM INDIA."
38633,M/S AMINUR RASHID CHOWDHURY (B) LOWER.,"LOWER ASSAM B GROUP.,KARIMGONJ ASSAM,INDIA.,KARIMGONJ ASSAM,INDIA.KARIMGONJ ASSAM,INDIA.."
38634,GOLD COAST DISTRIBUTOR,"ANAS SHAH,1915 N. MAC ARTHUR DRIVE # 300,TRACY CA. 95376,,USAUSA."
38635,MOHAMED OMAR ABDI,"MOHAMED OMAR ABDI,HADRAWI TRADING ESTABLISHMENT, BOSASO,,SOMALILAND, AFRICA.SOMALILAND, AFRICA.."
38636,PARN BEVERAGE INDIA PVT LTD ( MIZORAM).,"MR. NIRIKKON SHAHA,MIZORAM,MIZORAM, INDIAMIZORAM, INDIA."
38637,ESTABLISHMENT BATCHA,"AHMAT MOUSSA ALI,N DJAMENA TCHAD,N DJAMENA TCHAD, TCHADN DJAMENA TCHAD, TCHAD."
38638,AL BARAKA TRADING INTERNATIONAL SUARL,"AL BARAKA TRADING INTERNATIONAL SUARL,AL BARAKA TRADING INTERNATIONAL SUARL,DAKAR, SENEGALDAKAR, SENEGAL."
38639,RUHUL EMARAT EST,"TAIBA YOUSIF ALHAMMADI,JEDDAH, KSA,KINGDOM SAUDIA ARABIA.KINGDOM SAUDIA ARABIA.."
38640,PRAN BEVERAGE INDIA PVT LTD (MONIPUR AREA),"PARN BEVERAGE INDIA PVT LTD (MONIPUR AREA),PARN BEVERAGE INDIA PVT LTD (MONIPUR AREA),KAILASHAHAR, MONIPUR, INDIAKAILASHAHAR, MONIPUR, INDIA."
38641,PRAN BEVERAGES INDIA PVT LTD.,"PRAN BEVERAGES INDIA PVT LTD.,PRINCEP STREET,1ST FLOOR,PRINCEP STREET,1ST FLOOR, CHENNAICHENNAI, INDIA."
38642,CG EXIM (NEPAL) PVT. LTD,"CG EXIM (NEPAL) PVT. LTD,CHAUDHARY HOUSE SANEPA-2,,LALITPUR, KATHMANDU, NEPAL.."
38643,EVERGREEN TRADE CENTRE,"EVERGREEN TRADE CENTRE,BIRDAMODE, JHAPA, NEPAL,JHAPA, NEPAL, NEPAL.."
38644,"MARGO TRADERS PVT LTD,","MARGO TRADERS PVT LTD,,OLD BANESHWOR ,KATHMANDU -10, NEPAL.."
38645,RAY ENTERPRISE,"RAY ENTERPRISE,PHUENTSHOLING, BHUTAN    ,PHUENTSHOLING, BHUTANPHUENTSHOLING, BHUTAN."
38646,SONAM CHODEN TSHONGKHANG,"SONAM CHODEN TSHONGKHANG,PHUENTSHOLING,BHUTAN    ,(PHUENTSHOLING),  BHUTAN(PHUENTSHOLING),  BHUTAN."
38647,YOHA INTERNATIONAL TRADING PLC.,"YOHA INTERNATIONAL TRADING PLC.,ADDIS ABBA, ETHIOPIA, ETHIOPIA ETHIOPIA."
38648,YOHA INTERNATIONAL TRADING PLC.,"YOHA INTERNATIONAL TRADING PLC.,ADDIS ABBA, ETHIOPIA,ADDIS ABBA, ETHIOPIAETHIOPIA."
38649,AL ARABYA EXCELLENT MARKETING LLC,"AL ARABYA EXCELLENT MARKETING LLC,SALALAH, OMAN,OMANOMAN."
38650,ATALLAH EST,"ATALLAH EST,ATTALAH BLDG. 1ST FLOOR,MAZRAAT YACHOUCH-INDUSTRIAL AREALEBANON."
38651,GRAND STORE LIMITED,"GRAND STORE LIMITED,GAMBIA,GAMBIAGAMBIA."
38652,SS TRADING,"SS TRADING,MAWBAH, SHILLONG,MEGHALYA, INDIAMEGHALYA, INDIA."
38653,RELIABLE PRODUCE & PROVISION,"RELIABLE PRODUCE   PROVISION,PLOT 10212 MOKOLWANE ROAD, BROADHURST INDUSTRIAL,P.O BOX 2279 GABORONE BOTSWANA BOTSWANA, AFRICA ."
38654,BISMILLAH MINIMARKET,"AZIZUL HOQUE,DI   HOQUE NAZMA VIA MAQUEDA N.128 PALERMA.,P.O BOX 2279 GABORONE BOTSWANA PALERMA, ITALY."
38655,OKI GENERAL TRADING LLC.,"SURENDRA BHAIA,CHAD,CHADCHAD."
38656,SADICK TAARBUTH,"FOOD PRADISE CO.LTD,MAURITIUS,MAURITIUSMAURITIUS."
38657,RIA & ASIAN FOOD,"MR. SAROWARE,FREDERIKSSUNDSVEJ 68A 2400 KBH NV,DENMARKDENMARK."
38658,ITN FOOD CORPORATION ,"MOHAMMED Z. ANSARI,40 COMMANDER BOULEVARD, TORONTO, ON  M1S 3S2  CANA,CANADA, DENMARKCANADA, DENMARK."
38659,BHUTAN CLEARING,"BHUTAN CLEARING,PHUENTSHOLING, BHUTAN  ,PHUENTSHOLING, BHUTAN  SAARC, BHUTAN."
38660,RAY   ENTERPRISE ,"RAY   ENTERPRISE ,PHUENTSHOLING, BHUTAN,SAARC, BHUTANSAARC, BHUTAN."
38661,MECHI KOSHI TRADING PVT LTD,"MECHI KOSHI TRADING,DHULABARI, JHAPA, NEPAL.,DHULABARI, JHAPA, NEPAL.SAARC, NEPAL."
38662,SANAAG INVESMENT CO,"MR. FAHMAN,UGANDA,UGANDAUGANDA."
38663,EURO BANGLA BAZZAR,"MR. SOHEL,VICOLO VOLTURNO, 1836075, MONTECCHIO MAGGIORE (VI),VICOLO VOLTURNO, 1836075, MONTECCHIO MAGGIORE (VI)EUROPE, ITALY."
38664,WESTEAST,"MR. SAAD ALAM,1 THE MARKET PLACE, CRESCENT TOWN ROAD, TORONOT, ,CANADACANADA."
38665,ADEEL & RAHEEL INTERNATIONAL,"MR. IBRAHIM,ROOM # 407, 4TH FLOOR JAPAN PLAZA M.A. ,JINNAH ROAD KARACHI PAKISTAN, CANADACANADA."
38666,MELCOM LIMITED,"SAMEER.D.THAKKAR,P.O.BOX, 3920,2ND PALACE LINK ROAD,OFF DADEBAN ROADNORTH INDUSTRIAL AREA, GHANA."
38667,DEMA TSHONGKHANG,"DEMA TSHONGKHANG,PHUENTSHOLING, BHUTAN  ,PHUENTSHOLING, BHUTAN  PHUENTSHOLING, BHUTAN  ."
38668,ODHDAT TRADE PVT LTD,"MUSKAN SHRESTHA,WORD NO-01, LALITPUR, NEPAL,BUTUAL, KATHMANDUNEPAL."
38669,JDG INTERNATIONAL,"MIKE YOON,DA-DONG 1121-13, BAESEOK-DONG, ILSANDONG-GU, GOYAN,REPUBLIC OF KOREAREPUBLIC OF KOREA."
38670,JAIN ASSOCIATES (DELHI),"MR. KAMOL CHAND BOTHRA,MAHAVIR BHAWAN,COMMERCIAL COMPLEX, DELHI.                        COMMERCIAL COMPLEX, DELHI.    ."
38671,JAIN INTERNATIONAL (BIHAR),"MR. KAMOL CHAND BOTHRA,KARIMGONJ, ASSAM, INDIA,KARIMGONJ, ASSAM, INDIAKARIMGONJ, ASSAM, INDIA."
38672,KEZANG ENTERPRISE,"GURULA ENTERPRISE           ,THUEN LAM, PHUENTSHOLING, BHUTAN.                 ,PHUENTSHOLING, BHUTAN.     PHUENTSHOLING, BHUTAN.     ."
38673,MEHEDI HADI AL HARTHI TRADING EST ,"OWN OPERATION,ISLAM SHOPPING CENTER, AL-JUBAIL KSA. ,ISLAM SHOPPING CENTER, AL-JUBAIL KSA. ISLAM SHOPPING CENTER, AL-JUBA."
38674,M/S SATTAR & BROTHERS(B GROUP),"MR. SATTAR HOSSAIN,BORAKVELLY. ASSAM,,DIST: BORAKVELLY, ASSAMDIST: BORAKVELLY, ASSAM, INDIA."
38675,GREEN INDIA CONSTRUCTIONS & SERVICES PVT. LTD.,"PARUL CHOWDHURY,S.T. ROAD. VILL:-BATARASHI,,DIST: MEGHLYA, ASSAMDIST: MEGHLYA, ASSAM, INDIA."
38676,ABBAS FOODS INC ,"AIDARUS MOHAMED,3519 CHURCH ST. SUITE F, CLARKSTON, GA 30021, USA,CLARKSTON, GA 30021, USA CLARKSTON, GA 30021, USA ."
38677,ETHNIK BRANDS INC.,"S. RAHMAN,CHINO, CA 91710 USA,USAUSA."
38678,AL FEDDA LETEJARET AL MAWAD AL GEZAAIA,"MR. SALEM,17 AL ISTIQLAL,ST TRIPOLI LIBYA ,OFFICE # 20,     ,LIBYA LIBYA ."
38679,MAURIMPEX LTD,"MAURIMPEX LTD,QUATRE-BORNES, QUATRE-BORNES,MAURITIUS MAURITIUS ."
38680,MOHAMED OMAR ABDI (SOMALIA) ,"HADRAWI TRADING ESTABLISHMENT,HADRAWI TRADING ESTABLISHMENT,MOGADISHUMOGADISHU, SOMALIA."
38681,KHANS 2ND GENERATION LTD ,"KHANS 2ND GENERATION LTD ,46 GROVE ROAD, PAPAKURA, AUCKLAND,NEW ZEALANDNEW ZEALAND."
38682,PRAN FOODS USA LLC,"MOSTAFIZUR RAHMAN,32-08, 81 ST STREET EAST ELMHURST,NEWYORK-11370, USANEWYORK-11370, USA."
38683,SWISS FOOD & BEVERAGE UNIPESSOAL LDA,"NOMAN FATEMI,DILI, TIMOR LESTE.,EAST TIMUREAST TIMUR."
38684,DEKACH TRADING CO,"KASSAPA SAPARAMADU ,129, DUTUGEMUNU STREET,KOHUWALA, DEHIWALASRI LANKA."
38685,"AMERICAN INTERNATIONAL ENTERPRISES, INC.","BORHAN AHMED,1500 MIDWAY COURT, W7, ELK GROVE VILLAGE, IL 60007,USAUSA."
38686,IMPORTE PAR SARL DISTRI FOOD,"GOULAMABASSE NIZAM NACKHI ,PORT REUNION,AFRICAAFRICA."
38687,KHANS 2ND GENERATION LTD ,"MR. JOHN,46 GROVE ROAD, PAPAKURA, AUCKLAND, NEW ZEALAND,NEWZELANDNEWZELAND."
38688,MIKA DORJI TSHONGKHANG,"MIKA DORJI,BHUTAN, PHUENTSHOLING, BHUTAN,PHUENTSHOLING, BHUTANBHUTAN."
38689,MIYAMI ENTERPRISES PTE LTD,"MIYAMI ,M.MAHEK, RUVAAGU MAGU,MALE , REPUBLIC OF MALDIVESMALDIVES."
38690,MOUSUMI,"MD. MUKIMUL,DI KHABIR,VIA-VAL D OSSOLA, 19 00141, ROMA, ITALY.MALDIVES."
38691,SOCIETE TAAJ INTERNATIONAL CONGO,"YASH KUMAR RAJANI,POINTE-NOIRE, REP OF CONGO,AFRICA, CONGOAFRICA, CONGO."
38692,SOCIETE ANIL & SATGURU TRAVEL AND TOURS GROUP SARL,"YASH KUMAR RAJANI,FORCHE CAPITAL YAOUNDE CAMEROON, B.P. 1750,,AFRICA, CAMEROONAFRICA, CAMEROON."
38693,SOCIETE ANIL & SATGURU TRAVEL AND TOURS GROUP SARL,"YASH KUMAR RAJANI,FORCHE CAPITAL YAOUNDE CAMEROON, B.P. 1750,,AFRICA, CAMEROONAFRICA, CAMEROON."
38694,CENTRION LTD,"CENTRION LTD,KIGALI CITY TOWER, 14 TH FLOOR, PLOT NO : 6418,AFRICA, RWANDAAFRICA, RWANDA."
38695,ETS HAMADOUN NIANGADO,"ETS HAMADOUN NIANGADO,BP:1972, DJELIBOUGOU,BAMAKO, MALIBAMAKO, MALI."
38696,JAIN ASSOCIATE (BIHAR),"MR.KAMAL JAIN,MADAN MOHAN ROAD (OLD STATION ROAD),KARIMGANJ, ASSAM, INDIAKARIMGANJ, ASSAM, INDIA."
38697,"LAXMI INTERNATIONAL(GABON),","MR. RAJESH,GABON, AFRICA,GABON, AFRICAGABON, AFRICA."
38698,MONOJIT PAUL,"MR. KRISHNENDU PAUL,AMBARKANA, KARIMGANJ, ASSAM, INDIA.,KARIMGANJ, ASSAM, INDIAKARIMGANJ, ASSAM, INDIA."
38699,UNITED INTERFOOD I MALMO,"MR. ALI BERJAWI ,AMBARKANA, KARIMGANJ, ASSAM, INDIA.,BRAGEGATAN 10,214 30 MALMO, SWEDENBRAGEGATAN 10,214 30 MALMO, SW."
38700,PRAN BEVARAGE INDIA (JHARKHAND),"MR. RAJESH GOSH ,JHARKHAND, INDIA,JHARKHAND, INDIAJHARKHAND, INDIA."
38701,MOHAMOUD ABDI,"EASTEND FOODS TANZANIA,TANZANIA,TANZANIATANZANIA."
38702,PRG TRADING PTE LTD,"PRG TRADING PTE LTD,3 SHENTON WAY, # 07-09 SHENTON HOUSE, ,SINGAPORESINGAPORE."
38703,FOOD QUALITY COMPANY W.L.L,"FOOD QUALITY COMPANY W.L.L,DOHA, QATAR ,DOHA, QATAR DOHA, QATAR ."
38704,TOORAWA HONEYED,"PORT LOUIS, MAURITIUS,PORT LOUIS, MAURITIUS,PORT LOUIS, MAURITIUS.PORT LOUIS, MAURITIUS.."
38705,TOGAN INVESTMENT LIMITED,"TOGAN INVESTMENT LIMITED,P.O BOX 555-00610,NIROBI, KENYANIROBI, KENYA."
38706,EM KAY STORES LTD,"NARENDRA RAJWANI,P.O BOX 1168, 24 BUCKLE STREET,BANJUL,GAMBIAGAMBIA."
38707,CHRIS JUNG,"CHRIS JUNG,PACIFIC BLUE CORPORATION,WASHINGTON DCUSA ."
38708,DSM GROUP CO LTD,"DSM GROUP CO LTD,96 STREET 271Z SANGKAT TOMNUP TEK,CAMBODIACAMBODIA."
38709,BABU EST,"BABU EST,BEIRUT LEBANON,BEIRUT LEBANONLEBANON."
38710,EAST END FOODS LTD,"ERNEST NDAYISHIMIYE,17 AVENUE, N0 60,QUARTIER BUBABANZA,BUJUMBURA- BURUNDI."
38711,NGUYEN THI TAM HANG,"NGUYEN THI TAM HANG,23 PHUNG KHAC KHOAN, DA KAO WARD,DISTRICT 1, HO CHI MINH CITY, VIETNAM."
38712,SANZI IMPORT AND EXPORT CC,"SANZI IMPORT AND EXPORT CC,WINDHOEK,WINDHOEKNAMIBIA, AFRICA."
38713,HINDUSTAN COCA COLA BEVERAGES PVT LTD.,"HINDUSTAN COCA COLA BEVERAGES PVT LTD.,13 ABUL FAZAL ROAD, BENGALI MARKET.,13 ABUL FAZAL ROAD, BENGALI MARKET.INDIA."
38714,WADNI GENERAL TRADING CO.,"AHMAD ABDULLE,HEAD OFFICE MARKO MARKET UNIT 225-230,MARKO CANDY STREET, MARKOMOGADISHU, SOMALIA."
38715,TAHIYYA AWADH AL JABRY,"ABDUL KHALEG MBARAK SAEED AL JABRI,SEYOUN -YEMEN ,YEMEN YEMEN ."
38716,BAHAR HUSSAIN,"EURL THIVYA,162, AVENUE  ARISTIDE  BRIAND,93150 LE BLANC MESNIL.FRANCE."
38717,MS. KATHERINE LOU,"SHENZHEN HENGHUI INDUSTRIAL DEVELOPMENT CO. LTD.,RM 2C, 2/F TIANJI BUILDING TIANAN,RM 2C, 2/F TIANJI BUILDING TIANANSHENZHEN, GUANGDONG, CHINA."
38718,ROYAL BENGAL TRADING,"ABDUL WAHAB,LOT # 22 LP # 51C, VALSAYN BRANCH ROAD,CUREPE, TRINIDAD   TOBAGOTRINIDAD   TOBAGO."
38719,GLUNBERSH SARL,"JAMILIA TYDRINI,RESIDENCE KAYS, RESIDENCE KAYS,10090 RABAT,MOROCCOMOROCCO."
38720,DEMA TSHONGKHANG,"PHUENTSHOLING,PHUENTSHOLING,PHUENTSHOLINGBHUTAN."
38721,MR. FIDA RAJA,"QUALITY HOUSEWARES LTD,UNIT 5B, PICKETT S LOCK LANE,EDMONTON, N9 0AS.UK.."
38722,KUWAIT BAYAREK CO.,"ABDULRAHMAN AL-EBRAHIM,SHUWAIK PORT,KUWAIT CITYKUWAIT."
38723,HITECH SERVICES (SEY) PTY LTD,"SRINIVASAN S,SEYCHELLES,SEYCHELLESSEYCHELLES."
38724,AMINUR RASHID CHOWDHURY (A GROUP),"AMINUR RASHID CHOWDHURY (A GROUP),MONIPUR AREA.,MONIPUR AREA.NEI, INDIA."
38725,M/S SATTAR & BROTHERS (B GROUP),"M/S SATTAR   BROTHERS (B GROUP),MONIPUR AREA.,MONIPUR AREA.NEI, INDIA.."
38726,M/S KAUSHIKI ENTERPRISE (C GROUP),"M/S KAUSHIKI ENTERPRISE (C GROUP),MONIPUR AREA,MONIPUR AREANEI,INDIA."
38727,PK-TRADING,"PATRICK BEEMS,ENERGIESTRAAT 9,1135 GD EDAMNETHERLANDS."
38728,ISMAT MOHAMMED ISSA ZALLOUM,"ISMAT MOHAMMED ISSA ZALLOUM,RAMALLAH,,WEST BANK,PALESTINE."
38729,M/S HIMALAYAN AGENCY,"M/S HIMALAYAN AGENCY (MIZORAM),TRIPURA,NORTH EAST INDIANEI,INDIA."
38730,M/S HIMALAYAN AGENCY(TRIPURA),"TRIPURA,TRIPURA,NORTH EAST INDIANEI,INDIA."
38731,HIMALAYAN AGENCY(CHENNAI),"ASHRAM CHOWMUHANI,AGARTALA,TRIPURA,TRIPURA,CHENNAI, INDIA.."
38732,SETHA MUONG,"CAMBODIA SPORT SHOP,NO.26AE0,ST.213,PHUM.55,SANGKAT,VEAL VONG,KHAN7 MAKARA,PHNOM PENHCOMBODIA."
38733,IKZO TRADING,"H. FINIUNIMAGE,,MALE,REP OF MALDIVES.MALDIVES.."
38734,INDIAN SUPER MARKET,"THES,THES,SENEGALSENEGAL,AFRICA."
38735,AHBAIQHA'S SONS COMPANY FOR IMPORT & EXPORT,"ABU SALIM,LIBYA,LIBYALIBYA, AFRICA."
38736,MOUMIN GENERAL TRADING L.L.C,"ABDULAZIZ,SOMALIA,SOMALIASOMALIA,AFRICA."
38737,NASSER BROTHERS TRADING & IMPORT,"SANA, A YEMEN,YEMEN,YEMENYEMEN."
38738,PAPINNDO TRADING COMPANY LIMITED,"VERONICA,P.O BOX 885, LAE,,MOROBE PROVINCEPAPUA NEWGUINEA."
38739,"RUHUL EMARAT EST (KHAMIS)	","RUHUL EMARAT EST.,INDUSTRIAL AREA,KHAMISMUSHAYT, K.S.A."
38740,EPSILON TRADING FZC (JOHANNESBURG),"MRS. CAMELIA KARONI,MATADI,,RD CONGOCONGO."
38741,ODAT FOOD & BEVERAGE PVT LTD,"WORD NO-05,KATHMANDU,NEPALNEPAL."
38742,GREEN INDIA CONSTRUCTIONS & SERVICES PVT LTD.(UA),"GREEN INDIA CONSTRUCTIONS   SERVICES PVT LTD.(UA),UPPER ASSAM,KARIMGANJ ASSAMINDIA.."
38743,RIGHT CHOICE SUPER MARKET,"RIGHT CHOICE SUPER MARKET,BANJUL,KAIRA AVENUE ,  GAMBIAGAMBIA."
38744,AMZ TRADING,"AMZ TRADING,4, AVENUE JEAN JAURES,92130 ISSY LES MOULINEAUX(FRANCE)COMOROS, AFRICA."
38745,SAHAN GENERAL TRADING,"MAHDI IISE,PUNTLAND,PUNTLAND, SOMALIASOMALIA."
38746,AAMIN HOLDING COMPANY LIMITED.,"AAMIN HOLDING COMPANY LIMITED.,JUBA,SOUTH SUDANSOUTH SUDAN, AFRICA."
38747,KENNETH LIM,"WELLSON,NICHOL PARK,NICHOL HEIGHT,CEBU CITYPHILIPPINE."
38748,ROYAL FOOD INDUSTRIS,"ROYAL FOOD INDUSTRIS,RAS AL KHAIMA,RAS AL KHAIMA, U.A.EU.A.E."
38749,WADNI GENERAL TRADING CO.,"AHMAD ABDULLE,ROYAL ENTERPRISE AVENUE, SAMAULKANKHOMBE,NAMPULA,MOZAMBIQUE."
38750,SS TRADING (TURA),"MEGHALAYA,TURA,TURA, NEIINDIA."
38751,AL SAYAR TRADING CO-LLC,"AL SAYAR TRADING CO-LLC,IRAN,IRANIRAN."
38752,JULIETA BASINASHVILI-BARAMIDZE,"JULIETA BASINASHVILI-BARAMIDZE,28, GABRIEL EPISKOPOSI ST,IN DZBELI TBILISI DISTRICTTBILISI, GEORGIA."
38753,BURFIQ GENERAL TRADING.,"BURFIQ GENERAL TRADING.,JUBA,SOUTH SUDANSOUTH SUDAN."
38754,LA ROCHE TOGO,"CHAGOURY JOSEPH,RUE DE L EGLISE ASSIVITO,01 BP947,LOMETOGO."
38755,BANGLA BAZAR PTY LTD.,"MR. SOHEL,UNIT-1, 2-10 OATLEY COURT,BELCONEN, SYDENY,AUSTRALIA."
38756,DEYANG YIYANG BIOCHEM CO. LTD,"JAMES LEE,NO.468, YUQUAN ROAD,,DEYANG CITY, SICHUAN PROVINCEP.R.CHINA."
38757,ROSKEN ENTERPRISE LTD,"MUHYADIN HASSA FARAH,KISMAYU,SOMALIASOMALIA."
38758,KACKTUS PTY LTD,"MR. UJJAL,UNIT 1 80 IPSWICH ROAD, WOOLLOONGABBA. QLD-4102,BRISBANEAUSTRALIA."
38759,AFGHAN SUPERMARKET,"MR. ALI AKBAR HAZARA,376 PROSPECT ROAD KILBURN. SOUTH AUSTRALIA,ADELAIDEAUSTRALIA."
38760,CODIGEL,"PAOLA TURNIER,COMPLEXE LAFAYETTE,PORT AU PRINCE, HAITE.HAITE, AFRICA."
38761,ASIALINK ( NZ) LTD.,"MR.MICHAEL CHEW,32 HILL STREET, ONEHUNGA,AUCKLANDNEWZEALAND."
38762,TOTUS TRADE LLC,"PAVEL PARUSSIMOV,GHANA,GHANAGHANA."
38763,PROM SERVICE LTD,"KOCHARYAN SUSANNA ASHOTOVNA,344065, ROSTOV-ON-DON,STR. TROLLEYBUS, 24/2 B, 1ST FLOOR,RUSSIA.."
38764,RUHUL EMARAT EST ( RIYADH),"RUHUL EMARAT EST ( RIYADH),RIYADH,RIYADHRIYADH,KSA."
38765,ALKHEIR ENTERPRISE,"P.O.BOX 7205-00610,NAIROBI, KENYA,NAIROBI, KENYANAIROBI, KENYA."
38766,AMERICAN FRIED CHICKEN,"NOUSHAD MAMADANI,NIROBI,NIROBIKENYA."
38767,OMAR ABDI LUQMAN,"DJISOMTRADING,DJISOMTRADING,DJIBOUTIEAST AFRICA."
38768,SYRIANA TRADING LTD,"MR. SAMMAN,1063 BUDAPEST, SZINYEI MERSE U.,10. I/10, HUNGARY.HUNGARY.."
38769,NORSAI ENTERPRISE LTD,"MRS. NISSA-ANN WHEELER-RUSSELL,YALLAHS INDUSTRIAL ESTATE,POORMAN S CORNER,YALLAHS, ST.THOMAS.JAMAICA, W.I."
38770,CORPORACIÓN MARPOL,"JUAN CARLOS MARTINEZ,1 CALLE 18-38 ZONA 14, GUATEMALA,GUATEMALAGUATEMALA."
38771,NAIMA KALFANE,"NAIMA KALFANE,BP 1194 MORONI,,GRANDI COMOROCOMOROES."
38772,MR SKAFF MICHEEL,"MR SKAFF MICHEEL,01 BP 939,AV BASSAWARGA,OUAGADOUGOU,BURKINA FASUBURKINA FASU, AFRICA."
38773,AL ARABYA EXCELLENT MARKETING LLC  (AFRICA ),"PO BOX NO-351, POSTAL CODE-325,SALALAH-OMAN,SALALAH-OMANOMAN."
38774,AZKA IMPEX LTD(BIRMINGHAM),"LUTFAR BELAL,94, SOHO HILL,HOCKLEY , BIRMINGHAM    B19 1AD,UK.."
38775,ZAKARIA OUSMAN,"CHARLES DE GAULLE, BP: 679,N DJAMENA,TCHAD,TCHADTCHAD."
38776,STE MONACO GROS IMPORT EXPORT,"AV TALEB MHIRL 5160 EI JEM,TUNISIA,TUNISIATUNISIA,AFRICA."
38777,HABIBO GROUP,"MADAGASCAR,MADAGASCAR,MADAGASCARMADAGASCAR,AFRICA."
38778,MUHAMMAD ZIA LTD,"MR. SHAMS RAHMAN,SORKHROD DISTRICT JALALABAD,SHAHRE NAW KABULAFGHANISTAN."
38779,ZYLO OFF-SHORE SAL,"TAJ TOWER - RUE,TAJ TOWER - RUE HAMRA,IVORY COASTIVORY COAST."
38780,FRUTTA AND VEGETABLES IMPORT AND EXPORT SAS,"MR. TUTUL,DI HOSSAIN RAMJAN   C.SAS,VIA PELLIZZARI, 52/2,36071, ARZIGNANO (VI)ITALY,EUROPE.."
38781,AMIR ITALIA S.R.L,"MR. RASEL,VIA, UMBERTO TERRACINI , 20,40131 BOLOGNA, C.F. / P.I. 02985401203ITALY, EUROPE."
38782,PR DISTRIBUZIONE S.R.L.S,"MR. MUKIMUL KHABIR,VIA-MOTTA CAMASTRA, 9,00132. ROMAITALY, EUROPE.."
38783,MINA IMPORTS ENTERPRISE LTD,"MINA IMPORTS ENTERPRISE LTD,ST JOSEPH ROAD,TOMBEAU BAYMAURITIUS."
38784,BESTWAY INTERNATIONAL.,"MR. WASEEM PARACHA,FIRST FLOOR, ROOM NO - 2,,STAR MANZIL DARYALAL STRJODIA BAZAR, KARACHI, PAKISTAN."
38785,GO9 GROCERY,"PRAVEEN REDDY,654 S RD, GLANDORE, SA 5037,ADELAIDEAUSTRALIA."
38786,AFK INTERNATIONAL PTY LTD(B-TRADING),"ABU KHAN,75-77 , YERRICK ROAD,LAKEMBAAUSTRALIA."
38787,MARS BANGLA.,"MR. ADNAN,GREECE,GREECEGREECE, EUROPE."
38788,EXIM MARKETING PTY LTD (TRADING-HUT BAZAR),"MR. EJAZ,B4/366 EDGAR STREET,CONDELL PARK, NSW 2200AUSTRALIA.."
38789,ETS TRUST,"JEAN PIERRE MUHOMBO,DEMOCRATIC REPUBLIC OF CONGO.,DEMOCRATIC REPUBLIC OF CONGO.DEMOCRATIC REPUBLIC OF CONGO.."
38790,HADDAD KHALIL,"B.P. 12.282,NIAMEY,,NIGERNIGER."
38791,DONG PHUONG DISTRIBUTOR,"LINH NGUYEN,14810 - 131AVE,T5L 4Y3, CANADACANADA,USA.."
38792,PRAN BEVERAGES (IND-KOLKATA) PVT LTD,"KOLKATA,WESTBENGAL,WESTBENGALINDIA."
38793,G-TRADE COMPANY,"JOSEPHINE NYINAWUMWAMI,G-TRACO,KININDO -MAIRIE DE BUJUMBURABURUNDI, AFRICA."
38794,G-1 FOOD LTD,"JOSEPHINE NYINAWUMWAMI,KIGALI CITY SUPER MARKET,RWANDARWANDA, AFRICA."
38795,EXIM MARKETING PTY LTD (ASR ENTERPRISES AUSTRALIA),"MOHAMMED ARIFUL HAQUE SARKER,48 RAILWAY PARADE, LAKEMBA,NSW, 2195,AUSTRALIA.."
38796,KHALID ALI ZOUABE TRADING EST.,"HAI-AL MANSOORAH,AL-FARAZDAQ STREET,RIYADHKINGDOM SAUDIA ARABIA.."
38797,AL MARWA GENERAL TRADING COMPANY,"MAKLOF SUPERMARKET BUILDING GRAND FLOOR,BURJ HAMMOUD,DORA , BEIRUT,LEBANON."
38798,MUBARAK IMPORT  EXPORT PTY LTD,"MR MURTAZA ALI IMRAN,14/77 JOHN STREET,WELSHPOOL, 6106, PERTHPERTH,AUSTRALIA."
38799,"TIANJIN BINPENG INTERNATIONAL TRADE CO.,LTD","MR. SALAHIDIN,B-213, NO.118, HAIBIN EIGHT ROAD,TIANJIN PORT   FREE TRADE ZONETIANJIN,CHAINA."
38800,LOLLILAND PTY LTD,"MR. JOSEPH COSTELLOE,SMEATON GRANGE ROAD SMEATON GRANGE NSW 2567,SYDNEYAUSTRALIA."
38801,ORGANIZACOES MAYORKA LDA,"ORGANIZACOES MAYORKA LDA,CABINDA,CABINDAREP OF ANGOLA."
38802,CORPORACIÓN MARPOL,"KON W. CHEN,FIRST WORLD TRADING CORP,OAKLAND, USAOAKLAND, USA."
38803,CODINES IMPORT SL,"JOSEP BERTRAN,MARINADA, 11,08182 SANT FELIU DE CODINES, BARCELONASPAIN."
38804,EXIM MARKETING PTY LTD (SAB INTERNATIONAL),"SAJJAD HOSSAI,28/7-13 MELANIE ST, BANKSTOWN,NSW-2200SYDNEY,AUSTRALIA.."
38805,ARYA SUPERMARKET,"GUL TURKMANI AND NABI TAHMAS,SHOP#4-5, 221 HENLEY BEACH ROAD,TORRENSVILLE, SA-5031ADELADIE, AUSTRALIA."
38806,"CAPITAL DISTRIBUTION, LLC","IBRAHIM OSMAN,2216 SNELLING AVE STE 300,MINNEAPOLIS, MN 55404MINNEAPOLIS, USA.."
38807,SHWE GANDAMAR INTERNATIONAL TRADING LIMITED,"MR. PETER LAU,CORNER OF WAIZAYANTAR   GANDAMAR ROAD,,MYANGONE TOWNSHIP,YANGON, MYANMAR."
38808,KHUSHBOO TRADING COMPANY,"SHYAM,WISMA PUNJABI,UNIT NO.1, SPG 658,KG. SALAR, JALAN MUARABSB, BRUNEI DARUSSALAM."
38809,SOUTH PACIFIC FOODS DSTRIBUTORS PTY LTD,"RAJ RAMTUHAL,UNIT 20, 157 AIRDS ROAD, LEUMEAH,NSW 2560.SYDNEYAUSTRALIA."
38810,"NOBLE GROUP,LTDA","MR SHOHEB,RUA DIREITA DO CACUACO,BO PETRANGOLLUANDA."
38811,SHWE  GANDAMAR INTERNATIONAL TRADING LTD,"PETER LAU,LEVEL-3, GANDAMAR WHOLESALE,CORNER OF WAIZAYANTAR   GANDAMAR ROADYANGON, MYANMAR."
38812,NOUHOUM KANTE,"BP-12356,BAMAKO,MALIMALI."
38813,POM TRADERS SDN BHD,"JACQUELINE LIM,PAPUA NEW GUINEA,PAPUA NEW GUINEAPAPUA NEW GUINEA."
38814,M/S. DIAMINATOU DIABATE,"THOMAS D SOUZA,KALABAN COURA, BAMAKO,BAMAKOMALI, AFRICA."
38815,HIMALAYAN AGENCY (ANDRA PRADESH),"ASHRAM CHOWMUHANI,AGARTALA,,TRIPURA, INDIAINDIA."
38816,OZY MASTERS PTY LTD,"MR. ASIF,5/182 ANZAC HIGHWAY,,GLANDORE, SA-5037ADELAIDE, AUSTRALIA."
38817,OXFORD DISTRIBUTIONS INC,"ARIEL CALILAN,191 ROOSEVELT AVE .,SAN FRANCISCO, DEL MONTEQUEZON CITY 1105 PHILIPPINES."
38818,SHOMUJ MIAH,"SHOMUJ MIAH,44 ABERFELDY ST.,E14 ONU,UK."
38819,SOCIETE R.J. TRADING,"BOSS CONGO - LA BAS INDUSTRIAL,POINTE NOIRE,REPUBLIC OF CONGOCONGO."
38820,AMAN MACHINERY CO. LTD,"404/363, XIHU EAST RD,CHONG AN REA, WUXI CITY,WUXI CITYCHINA."
38821,RAMPAH EMAS ENTERPRISE,"UNIT 9 BLOCK  B BANGUNAN JERUDONG COMPLEX,JERUDONG, BG 3122, P.O.BOX 87 SENGKURONG BG 1183,BEGAWAN, NEGARA BRUNEI DARUSSALAMBRUNEI."
38822,YAN SEA MARKETING LTD,"INDUSTRIAL ZONE ACCACIA,RODRIGUES ISLAND,RODRIGUES ISLANDRODRIGUES ISLAND, AFRICA."
38823,UTTARAN GLOBAL TRADING LTD,"PARKLANDS,NAIROBI,KENYAKENYA, AFRICA."
38824,M/S SAJON COMMERCIALS(UA),"BATARASHI,TILLABAZAR,UPPER ASSAMNEI,INDIA."
38825,M/S SAJON COMMERCIALS(MEG),"BATARASHI,TILLABAZAR,KARIMGANJ, MEGHALYA.MEGHALYA, INDIA."
38826,AL SAMA TRADERS PVT. LTD,"MR. DEVRAJ,GAUSHALA 09,KATHMANDUNEPAL."
38827,YVES PATRICK,"2274- QUARTIEER ZOGBO,COTONOU BENIN,BENINBENIN, AFRICA."
38828,BD SHOP UK LTD,"ZAKIR KHAN,126B,NATHAN WAY, THAMESMED LONDON, SE28, 0AU.,LONDON , UKLONDON , UK."
38829,FAWAKHE TRADING CC,"ISMAIL MOTALA,509 CLARE ROAD,,DURBAN, SOUTH AFRICA.SOUTH AFRICA.."
38830,BD SHOP UK LTD,"MR. ZAKIR HOSSAIN,126 B NATHAN WAY,LONDON SE28 OAU,UK."
38831,HAQUE INTERNATIONAL SEAFOOD,"330 PARLIAMENT ST,TORONTO -ONT M5A 2Z6,CANADACANADA."
38832,JAIN INTERNATIONAL(RAJSTAN),"MUL CHAND BAID,WARD-41,SHAHID BHAGAT SINGH COMPLEX,,SEVOK ROAD,P.O: SHILIGURI.RAJASTHAN,INDIA."
38833,NV DAM IMPORT-EXPORT,"ALI ABDOEL GAFOER,NV.DAM TWEEDERIJWEG 48,PARAMARIBO SURINAMESURINAME,."
38834,AL AFZAL INTERNATIONAL GENERAL TRADING LLC,"504, BANIYAS CENT,AL MAKTOUM STREET, BANIYAS SQUUARE,DEIRA, UAEAFGANISTAN."
38835,CREST INTERNATIONAL CO LTD,"212 B ,MURI OKONOLA ST,VICTORIA ISLAND,LAGOS,LAGOSNIGERIA,AFRICA.."
38836,AL KABLI TRADING,"ABDULKAREEM ALFURYADI,P.O.BOX  3311   JEDDAH  21471,KINGDOM OF SAUDI ARABIAKINGDOM OF SAUDI ARABIA."
38837,OSTL INC,"ALLEN TABIBI,5805 WHITE OAK AVE SUITE # 16065,ENCINO CA, 91416 UNITED STATEENCINO CA, 91416, USA."
38838,MOHAMMED ROB,"MOHAMMED ROB,UNITS 17-18, BELLINGHAM TRADING ESTATE,FRANTHORNE WAYLONDON, UK."
38839,ESCADA IMPORTS LIMITED,"SELWYN,24 HOBSON STREET,  TRINIDAD W.I,SAN FERNANDOTRINIDAD W.I."
38840,BAOHUI INTERNATIONAL TRADING CO. LTD,"XU SIMONA,ROOM905, UNIT 1, NO20A, GANGWAN STREET,DISTRICT, DALIANLIAONING PROVINCE, CHINA."
38841,1NASFOODS PTY LTD,"MR. ALI SYED,14/77-79 JOHN STREET,WELSHPOOL 6106,PERTH,AUSTRALIA."
38842,CATERING SOLUTIONS UK LTD,"MR AMJID SHAHEEN,55-58 STRATFORD STREET NORTH,SPARKBROOKSTRATFORD STREET NORTH,UK."
38843,QUALITY FOOD IMPORTERS P/L,"MARK MOORE,MP 36 MARKET CITY,WESTERN AUSTRALIAAUSTRALIA.."
38844,EXIMCO,"RUE RAMILIJAONA ANDRONDRA,ANTANANARIVO,MADAGASCARMADAGASCAR,AFRICA."
38845,KHALID MOHAMMADI CO. LTD.,"KHALID MOHAMMADI,POLIE KHISTI MARKET, 1ST FLOOR,,KABUL, AFGHANISTANAFGHANISTAN."
38846,ABDUL HANAN TOTAKHIL & BROTHERS CO.LTD,"ABDUL HANAN,KABUL,KABUL, AFGHANISTANAFGHANISTAN."
38847,WAHID USMAN LIMITED,"OFFICE NO. 3-4,JALALABAD KOTWAL MARKET,AFGHANISTANAFGHANISTAN."
38848,ITIHAD AL BASRA COMPANY,"GENERAL CONTRACTING AND SERVICES,SOUTH OF IRAQ,IRAQIRAQ."
38849,CEDAR GARDEN FOOD,"OSMAN HAJJOUL,P. O. BOX  87175,CANTON.  , MIICHIGAN 48187USA."
38850,PYPON HOLDINGS LTD,"MR. ROBIN ROHMAN,P.O BOX 3895, BOROKO, NCD,BOROKO, NCD,PAPUA NEW GUINEA."
38851,KJG (MIDLANDS) LTD,"JEWEL ALOM,34 OAK LANE, WESTBROMWICH,BIRMINGHAM B70 8PNBIRMINGHAM,UK."
38852,SEKANDAR FEROZ LIMITED,"G B PLAZA, BLOCK B,OFFICE NO B10,B11, B12,KARKHANO MARKETS, JAMRUD RAOD,PESHAWAR ,PAKISTAN."
38853,SHAPLA FROZEN FOODS LTD,"MONIR AHMED,UNIT-1, EASTHALL LANE, RAINHAM, RM13 9DS,UK, LONDONUK, LONDON."
38854,SURYA FOODS,"MR.HARRY DULAI,MR.HARRY DULAI,EUROPA HOUSE , EUROPA HOUSE EUROPA WAYHARWICH ESSEX, CO12 4PT UK,."
38855,SALMA TRADING COMPANY LTD,"PO BOX 15327 00100,NAIROBI,NAIROBIKENYA."
38856,EKO COM,"GRAND  MARCHE,OUAGADOUGOU,BURKINA FASOBURKINA FASO,AFRICA."
38857,KOREA HALAL FOOD,"MD. SELIM REZA,106-12, SONGU-RI SOHOL-EUP,GYEONGGI-DO, KOREAGYEONGGI-DO, KOREA."
38858,M/S MOON ENTERPRISE(BORAKBELLY),"PATHERKANDI ROAD,KARIMGONJ ASSAM INDIA,ASSAM INDIAINDIA."
38859,MILLIMAN PVT LTD(MALDIVES),"G.ROZARY  VIEW 6 FLOOR,HUSNUHEENA  MAGU,MALE. REPUBLIC OF MALDIVESMALE. REPUBLIC OF MALDIVES."
38860,SLT FOODS INC,"T.P.MAHESH,55,CARTER DR,STE 219,EDISON,NJ 08817,USA."
38861,KAREENA TRADING  S. A. R. L,"P S GHOTRA,AMMEINA STREET,DORA, BEIRUT,  LEBANONLEBANON."
38862,FOREWIN GHANA LTD,"FOREWIN HOUSE,10 RING ROAD NORTH INDUSTRIAL AREA,PO BOX 11140 ACCRA-NORTH, ACCRAGHANA, AFRICA."
38863,HAZARA IMPORTS,"MR. ALI HAZARA,22/50 PRINCESS HWY,EUMEMMERRING, VIC 3177AUSTRALIA."
38864,MOHAMMED NAZRUL ISLAM,"MOHAMMED NAZRUL ISLAM,NATURAL LIFE, CLAUDIUS-STR 18,44649 HERNE,GERMANY."
38865,HAZARA PRODUCE P/L,"MR. MOHAMMAD SADEQI,HAZARA PRODUCE P/L,27 VICTORIA ST. EAST, LIDCOMBENSW 2141,AUSTRALIA."
38866,SK TRADING(BARAKVELLY),"OLD STATION ROAD,KARIMGONJ,ASSAM, NEINEI,INDIA.."
38867,SK TRADING(MANIPUR),"OLD STATION ROAD,KARIMGONJ,ASSAM,NEIINDIA."
38868,"KANT CASH & CARRY.  V, S, SIVAKANTHAN","SHIVA,GASOMTESTRASSE, 27, 8005-ZURICH,SWITZERLANDSWITZERLAND."
38869,GLOBAL MAXLEAD INTERNATIONAL LTD,"ROOM B2, 18/F,GUANG CAI XIN TIAN DI,10 GUI MIAO LUNANSHAN , SHENZHEN."
38870,MR.FARID TAYUB,"MR.FARID TAYUB,GREEN GLOBE (UK) LTD, PO BOX 68083,LONDON N22 9JE, UKLONDON,UK."
38871,EURL LANTANA,"EURL LANTANA,RUE DU COMMERCE,MAMOUDZOUMAYOTTE."
38872,RANIA INVESTMENTS,"MR. NILESH CHAND,CHAMPAGNE ESTATE, PORT VILA,POSTAL BOX: 2739, PORT VILAVANUATU."
38873,ETS ALI ABOUBACAR,"ETS ALI ABOUBACAR,BP: 2160, GRAND MARCHE,BOUTIQUE: NO: 0801,COTONOU, BENIN,NIAMEY NIGER."
38874,ABDIRIZAK ALI AHMED,"ABDIRIZAK ALI AHMED,AV.25 DE SETEMBRO- MERCADO DOS,BOMBEIRO, CIDADEDE.NACALA, MOZAMBIQUE."
38875,NALSUN IMPORTS,"MR.BIPIN,P O BOX 76221,MANUKAU 2241AUCKLAND NEWZEALAND."
38876,BHARAT TRADING CO(OMAN),"MITUL ASHER,PO BOX 29, PS: 100,,MUSCAT, OMANMUSCAT, OMAN."
38877,FRESH BAZARLTD,"MR.AKLU,135-136 CHAPMAN STREET,LONDON, E1 2PHUK."
38878,CHITTAGONG TRADING HOUSE W.L.L(2ND BRAND),"SHOP: 1948, ROAD:234,BLOCK: 302, MANAMA,,KINGDOM OF BAHRAINBAHRAIN."
38879,BINAYAK COMMERCIAL,"NAGALAND,ASSAM,NEIINDIA."
38880,M/S SANNIA TRADERS (UA),"UPPER ASSAM,NEI,NEI, INDIAINDIA."
38881,PRAN FOODS(DUBAI-FT),"AJMAAN FREE ZONE,UAE,UAEUAE."
38882,RONNANI (SU) LDA,"RUA PRACA NOVA ,KM-30 ,VIANNA,LUANDA,ANGOLAANGOLA,AFRICA."
38883,TU INTERNATIONAL(FT),"NEI,NEI,INDIAINDIA."
38884,AUSBIK,"MR. FARUQ HOSSAIN,28/7-13 MELANIE ST,BANKSTOWNNSW 2200."
38885,KABORE N.SALIF,"02BP 5694OUAGADOUGOU,OUAGADOUGOU,BURKINA FASOBURKINA FASO, AFRICA."
38886,MORRIS HEDSTROM,"MR. SIVADAS GOVINDAN NAIR,P.O BOX 295, SUVA,FIJI ISLANDSFIJI ISLANDS."
38887,MR.AFZAL BOKSH(UK),"MR.FARID TAYUB,GLOBAL FOODS,1A NORTON PARK,EDINBURGHUK."
38888,SEMIMY INTERNATIONAL TRADING,"MR. YUSUF,N0. 1, MING HUA ROAD 8,TIANSHAN DISTRICT,830000 URUMQI, XINJIANG, CHINA."
38889,QINGDAO KINGSUN FOOD CO. LTD,"PETTER,ROOM 1-404,FLAT FLOOR,BUILDING 46,MERCHANTS LAVIE COMMUNE, NO.702,CHENYANG DISTRICTQINGDAO,CHINA."
38890,TOKO WARISSAN TRADING,"MUHAMMAD M.SAAHIB,BIK 1,JOO CHIAT COMPLEX,,JOO CHIAT ROAD.SINGAPORE."
38891,ESTABLISSEMENT BARRY MBOURO& FRERES,"CONAKRY,CONAKRY,GUINEAGUINEA CONAKRY."
38892,AHMED HARITH MOHD,"PO.BOX3053,ZANZIBAR,TANZANIATANZANIA,AFRICA."
38893,PINNACLES APPARELS PTY LTD,"MR. NAZIR JAFFOO,18 BERMILL STREET,ROCKDALE NSW 2216SYDNEY,AUSTRALIA."
38894,IGOR SHEVKUNOV,"LLC   SLADOMIR 693000, RUSSIAN FEDERATION,SAKHALIN REGION, YUZHNO-SAKHALINSK CITY,3V,KORSAKOVSKAYA STREETKORSAKOV, RUSSIA."
38895,BELTEXCO SARL,"MR. PIERRE,B.P. 8915, KINSHASA 1,,D.R CONGOCONGO,AFRICA.."
38896,JUSISA TRADING,"MARCELO.,U-1011 MIDLAND PLAZA,HOTEL M. ADRIATICO ST. ERMITAMANILA PHILIPPINES."
38897,BARGAIN WHOLESALE CO;LTD,"MR JESSE SHI,APIA,,VAITELE STREET,SAMOA."
38898,M/S ALAM AL-KHIYOUL EST,"ABDULLAH OSMAN AL AMO ODI,RIYADH,,K.S.AK.S.A."
38899,"DELTA FOODS CO., LTD","BOLDSAIKHAN BATTOGTOKH,NO. 2-0, TEEWERCHID STREET, 3TH KHOROO,BAYANGOL DISTRICTULAANBAATAR, MONGOLIA."
38900,SHOP N SAVE,"MR. NAZIR JAFFOO,26 WALZ STREET, ROCKDALE NSW 2216,SYDNEYAUSTRALIA."
38901,BENADIR IMPORTS,"2216 SNELLING AVE S,MINNEAPOLIS MN 55404,MINNEAPOLIS,USAUSA."
38902,TK FOODS,"PO BOX :788,CAPE COST,GHANA, AFRICAGHANA, AFRICA."
38903,PLLATUS GENERAL TRADING&CONTRACTING CO(2ND BRAND),"HAWALLY, BLOCK NO. 146,BUILDING NO-11, OFFICE NO-14,,KUWAIT.KUWAIT, GULF.."
38904,SRS QLD PTY. LTD,"MR. NAY RANIGA,TECHNOLOGY DRIVE, AUGUSTINE HEIGHTS, QLD 4300,BRISBANEAUSTRALIA."
38905,KIWI IMPORT & EXPORT LTD,"MR. RUPEN,LOT 13 NAQANIVATU ROAD WAILOKU,SUVA FIJIFIJI."
38906,ADJRA KOSSIVI DJIFFA,"B.P. 3118,LOME,,TOGOTOGO,AFRICA."
38907,PADMA CO. LTD,"MR. MASUM,8-30-4 WASEDA MISATO CITY,SAITAMAJAPAN."
38908,ANIRBAN IMPEX AND DISTRIBUTOR PTY LTD,"MR. MOSARROF HOSSAIN,1/3 GREX AVENUE,MINCHINBURRY, NSW 2770SYDNEY,AUSTRALIA."
38909,IGEDIS,"11 BP 164 ABIDJAN,IVORY COAST,IVORY COAST, AFRICAAFRICA."
38910,MERCURE GROUP,"MR. AUGIAS,C/3369 AGLA,COTONOU,BENINBENIN, AFRICA."
38911,SYWAL LTD,"MR. BEN LIU,PO BOX 6532, MARION SQUARE TE ARO WELLINGTON,WELLINGTONNEWZEALAND."
38912,AHMED FOODS,"MR. NUZAHT ISLAM,1/4 BIRMINGHAN AVE,VILLAWOOD, NSW 2163SYDNEY, AUSTRALIA."
38913,M/S INDO BANGLA EXPORTS(UA),"MR. ASHRAF CHOWDHURY,BATARASHI,TILLABAZAR,KARIMGANJ,ASSAMNEI,INDIA."
38914,SAUDIA FOODS & PHARMACEUTICALS LTD,"MR. SHAFFIAT ALI,121 NEW COLONIAL ROAD, BARRACKPORE,BARRACKPORETRINIDAD."
38915,ROBERT KRUM & ASSOCIATES,"MR. ROBERT KRUM,811 CHURCH RD. UNIT164 CHERRY HILL,NEW JERSEY 08002USA."
38916,INCREDIBLE INDIA,"MR.RAM SADHWANI,UNIT 8 PASEO DE MAGALLANES,COMMERCIAL CENTER,SOUTH SUPER HIGHWAYMETRO MANILA PHILIPPINES."
38917,PRAN IMPORT & MARKETING CO,"MR. ASHRAFUL IMAM SUJON,CR NO-1000, CITY:- AL GAYEDHAH,AL GAYEDHAH, AL MAHRAYEMEN."
38918,MAHIMA SUPER MARCHE,"B.P. 15430,DOUALA,CAMAROONCAMAROON,AFRICA."
38919,MITCHELL KABORE,"O1 BP 2914,SECTOUR 01,OUAGADOUGOU,BURKINA FASO,AFRICABURKINA FASO,AFRICA."
38920,KHABIR MD MUKIMUL,"PR DISTRIBUZIONE S.R.L.S,VIA-PALMIRO TOGLIATI,37 SENAGO, MILANOITALY."
38921,ETSTRAORE IMPORT/EXPORT,"MAMOUDOU,CENTRE COMMERCIAL,BP:1735AFRICA."
38922,DIHIN GENERAL TRADING CO LTD,"KONYO,JUBA,SOUTH SUDANAFRICA."
38923,JBNET CORPORATION,"SHAHIN MOHAMMED,FELIZ BLD.-2F,2-4-10 HYAKUNINCHOSHINJUKU KU."
38924,M/S JAIN INTERNATIONAL(CHENNAI),"MR. KAMAL JAIN,M. M. (OLD STATION ROAD),KARIMGONJ, ASSAMINDIA."
38925,PRAN FOODS GENERAL TRADING (WLL),"BUILDING # 18,FLOOR # 3,ROOM # 4,BESIDE GRAND HYPER MARKET,JLEEB AL SHUYOUKH,FARWANIYA,KUWAIT."
38926,"HATIM IMPORTS,INC.","MR. ISM HAIDER,1216 SOUTH 7TH STREET,LOUISVILLE, KY 40203,USA."
38927,A TO Z IMPEX SDN BHD,"NO.22 GROUND FLOOR COMPLEX,KAMPONG PANCA DELIMA NEGARA,BRUNEI DARUSSALAMBRUNEI."
38928,LA BON SAMARILAIN,"01BP2331 OUAGA O1,BURKINA FASU,WEST AFRICAAFRICA."
38929,BURKINA CYCLE INTERNATIONAL,"BOURAIMA SANKARA,01BP 2005,BOBO-DIOULASSO 01 BURKINA FASOBURKINA FASO, AFRICA."
38930,AFRICAN DELICIOSE FOODS LDA,"LUANDA,ANGOLA,WEST AFRICAAFRICA."
38931,XINPO TRADING,"BLK 12 PASIR PANJANG,WHOLESALE CENTRE  #01-585,SINGAPORESINGAPORE."
38932,GLOBAL PIONEER PTE LTD,"NOOR ALAM,7 TAI SENG DRIVE,LEVEL - 07SINGAPORE -535218."
38934,SENIOR INTERNATIONAL PVT. LTD.,"AHMED ARIF,MA. GALLANDHOO 1ST FLOOR, ASAREE HIN'GUN,MALE 20260,REPUBLIC OF MALDIVES."
38935,SUPER ASIA FOODS AND SPICES,"MR. NUZAHT ISLAM,7933 HUNTINGTON RD VAUGHAN, ON L4H OS9,TORONTOCANADA."
38936,LINKAGE FOODS,"JUSTIN LIM,VENTURE CORPORATION,678 JENNY’S AVENUE,ROSARIO, PASIG CITY 1609PHILIPPINES."
38937,THANH PHAT MANAGE AND DEVELOPMENT TRADING SERVICE,"NGUYEN THI NGOC LAN,349/5, AN DUONG VUONG STREET,AN LAC WARD, BINH TAN DISTRICT, HO CHI MINH CITYVIETNAM."
38938,DRAME &FESES,"BP 478,DABANANI,BAMAKO,MALIEAST AFRICA."
38939,HIMADRI FOODS PVT LTD,"MD. SHARIFUL ISLAM BHUIYAN,GAIRIDHARA-2,KATHMANDUNEPAL."
38940,MD.MASUD RANA,"AVALON MARKET,72 RUTH ROAD, RYLANDS ESTATE, ATHLONE,,CAPE TOWN-7764SOUTH AFRICA."
38941,GALMART SUPERMARKET LTD,"SHARIF COMPLEX BUILDING,OPP. NEW GARISA LODGE,P.O BOX 71623-00610NAIROBI - KENYA."
38942,BANGLADESH BANK FOR CI,"PRAN RFL CENTER,105 MIDDLE BADDAH,DHAKA-1212BANGLADESH."
38943,EDIDON EXPORT IMPORT COMPANY,"XHEVAHIR ISLAMI,TREGU USHQIMOR,RR HAMDI PEPA ALBANIAALBANIA."
38944,SHENZHEN QUANXIN TRADING CO.LTD,"ROOM 331,THE THIRD FLOOR,LIANTANG INVESTMENT BLDG,NO.6 LIANTANG GUOWEI ROAD, LUO HU DISTRIT,518000 SHEN ZHEN CITY, GUANGDONG PROVINCECHINA."
38945,NZURI FOODS LTD,"PLOT 8, BUGANDA RD,PO BOX 9086,KAMPALAUGANDA."
38946,HSCSH GENERAL TRADING CC,"49, CROWN ROAD FORDSBURG 2092,JOHANNESBURG,SOUTH AFRICAAFRICA."
38947,E-PACK UK LTD,"MR. HAMZA RUFAI,4 - 6 OSRAM ROAD,WEMBLEY,MIDDLESEX, HA9 7NGUK."
38948,GIGGOOL ENTERPRISES,"MOHAMED BAILOR BAH,33 SANI ABACHA STREET,FREETOWN, SIERRALEONEAFRICA."
38949,MICHAEL ANDERSSON,"CANDINAVIA AB,HARSTENAGATAN 3,582 78  LINKOPING, 582 78  LINKOPINGSWEDEN."
38950,SOCIETE MOHAMED O/BAH,"POUR GENERAL COMMERCE ST REPRESENTATION,BP 1817,NOUAKCHOTTMAURITANIA."
38951,ZAHIR MINIMERCADO,"MR. ZAHIR,CENTRO COMERCIAL MOURARIA,PRACA MARTIM MONIZ1100-342. LISBOA, PORTUGAL."
38952,QUALITY BITES LIMITED,"MR.RUHUL ISLAM,UNIT 4-5 REDHOUSE INDUSTRIAL ESTATE,MIDDLEMORE LANE WEST,UKUK."
38953,ALAWA COMPANY IMPORT AND EXPORT,"ALHAAJ  AHMEND  RAJAB ABRAHEEM,MISURATA,HIGHER WHOLE BUILDINGLIBYA."
38954,KGN LONDON LTD,"MR.SHIDDHU,UNIT 23 PHOENIX DISTRIBUTION PARK,PHOENIX WAY, HESTEN TWS 9NBLONDON,UK."
38955,RAYAAN IMPORTS INC,"MR. AIDARUS MOHAMED,7518 ST, LOUIS AVE #1041,SKOKIE,IL 60076,USAILLINOIS, USA."
38956,SUDIN INTERNATIONAL PVT LTD,"MR.SUDIN AGARWAL,KATHMANDU,NEPALSAARC."
38957,M/S-TAMSHING ENTERPRISE,"GATOEN LAM,PHUENTSHOLING,BHUTANSAARC."
38958,SAWADOGO ZAKARIA,"01 BP-5156,OUAGADOUGOU,BURKINA FASOAFRICA."
38959,ASIAN FOODS CENTER,"MR. MEJOR NATT,10 WEST MORE DRIVE, ETOBICOKE ONTARIO,CANADA M9V3Z7CANADA."
38960,PATSAADA GHANA LIMITED,"BOX 261 DARKUMAN,19 AKORLU CLOSE DARKUMAN OFFICIAL TOWN,GHANAAFRICA."
38961,LAIZA LAND COMPANY LTD,"ABDUL AWAL KHAN,ROOM# 203, FLAT # 04, PHITFER ROAD,SH HOUSING,SOUTH OKKALAPAYANGON, MYANMAR."
38962,AGRI TRADE INTERNATIONAL LTD,"NAING WIN AUNG ATTA ULLAH,NO. 25, 63RD STREET, BOTATAUNG TOWNSHIP,YANGONMYANMAR."
38963,CONFIBOLIVIA,"MR. OSCAR CRUZ,CALLE GASPAR DE ZÚÑIGA,(C.12) NRO. 2564 ZONA VILLA ALEMANIA  ELALEMANIA, ALTO BOLIVIA."
38964,FRESH FRUIT AND VEG ROCKDALE,"MR. JAKIR ANAM,24 FREDERICK STREET ROCKDALE,NSW- 2216,SYDNEYAUSTRALIA."
38965,RAFIMEX GENERAL TRADING CO,"PO BOX AC 697,64/8  NMALILANE,LABONE,ACCRA,GHANAAFRICA."
38966,WIM ANGEL,"ENGEL FOREIGN FOOD,B.V ; POSTBUS 56 1420 AB UITHOORN,1420 AB UITHOORNTHE NETHERLANDS."
38967,SEKANDAR FEROZ LIMITED (AFGHANISTAN),"SEKANDAR SHAH,ARIF MARKET 3RD FLOOR,MANDAWI,KABULAFGHANISTAN."
38969,NANJING ZHONGWANG FOODSTAFF TRADING CO.LTD,"A639 OF A SECTON,DONGQI ROAD, JIANGNING DISTRICT,NANJING CITY, JIANGSU PROVINCECHINA."
38970,IMPORT VISION(PTY)LIMITED,"4 STRATHEARN PLACE,,WESTVILLE,PO BOX 353, DURBAN 3630, RSASOUTH AFRICA."
38971,MD.TIPU RAHMAN,"MD.TIPU RAHMAN,151-153 WELLINGHBOROUGH ROAD,NORTHAMPTONUK."
38972,SOUTH ASIAN FOOD INC(USA-NYK),"MR. MOHAMMED KHAN MEHIR,56-27 56TH DRIVE,MASPETH, NY 11378, USANEW YORK,USA."
38973,CALIFORNIA WHEAT PROCESSING.,"MR. KAMIL,1246 VERNON WAY,EL CAJON  CA  92020CALIFORNIA, USA."
38974,"NATIONAL MARKETS, LLC","5335 N. MILITARY TRAIL,BLDG # 60, WEST PALM BEACH, FL 33407,MIAMIUSA."
38975,GP DISTRIBUTORS PVT. LTD.,"HARSH SANGHAI,WARD NO. 31, PUTALISADAK,KATHMANDU, NEPALNEPAL."
38976,99 CENTS ONLY STORES LLC,"MR. NERCY MANZOOR,4000 UNION PACIFIC AVENUE,CITY OF COMMERCE, CA 90023,CALIFORNIA, USA."
38977,NAZ HS INC,"MR. NERCY MANZOOR,634 SAINT GEORGE AVE,WOODBRIDGE, NJ 07095NEW JERSEY, USA.."
38978,ITN FOOD CORPORATION (CANADA),"MOHAMMED Z. ANSARI,40 COMMANDER BOULEVARD, TORONTO, ON  M1S,CANADACANADA."
38979,MEHWISH,"MR. ASIM AHMAD KHAWAJA,155 WINGES ROAD, UNIT-8C,WOODBRIDGE, ONTARIO, L4L 6C8TORONTO,CANADA."
38980,KAUSHIKI ENTERPRISE(AP),"KRISHNENDU PAUL,RAMKRISHNA NAGAR, KARIMGANJ,ASSAM,ARUNACHAL PRADESH(AP)INDIA."
38981,HAQUE INTERNATIONAL SEAFOOD,"MR. HAQUE,330 PARLIAMENT ST. (PARLIMENT & DUNDAS),JUST NORTH OF DUNDAS,TORONTO - ONT M5A 2Z6CANADA."
38982,CIBUS NZ LIMITED(AUCKLAND),"MR. RUPEN,CIBUS NZ LIMITED 19B O'SHANNESSEY STREET,PAPAKURA, AUCKLANDNEW ZEALAND."
38983,UNITED WHOLESALE LLC,"MD RIZWAN AHMED,1519 STONE RIDGE DR,STONE MOUNTAIN ,GA 30083,GEORGIA, ATLANTAUSA."
38984,SOCIMEX S.A.R.L.,"952, AVENUE DE LA,METALLURGIE,KINSHASA/LIMETE,R.D. CONGOAFRICA."
38985,ZETA GROUP (NZ),"MR. BEN LIU,MARION SQUARE TE ARO WELLINGTON 6011,APIASAMOA."
38986,SOCIMEX SARL(MAURITANIA),"ILOT 115,NOUAKCHOTT,MAURITANIAAFRICA."
38987,NRG INDIAN IMPORTS LTD,"MR. NARENDER REDDY,9, THE DEANARY,CELBRIDGEIRELAND."
38988,DIALLO IBRAHIMA N’ DIAYE,"ECOLE,CONAKRY,GUINEA CONAKRYAFRICA."
38989,UBC FOOD DISTRIBUTORS,"MR. ABDUL ELKADRI,12812 PROSPECT ST,DEARBORN, MI 48126USA."
38990,M/S JAIN INTERNATIONAL(JHARKHAND),"M. M. (OLD STATION ROAD),KARIMGANJ, ASSAM,SEI# 788711INDIA."
38991,7 DAYS,"MR. KAMAL HOSSAIN BHUYIA,SOUTH ASIAN & DEUTSCH SUPERMARKET,MOSELSTRASE 1-5, 60329 FRANKFURTGERMANY."
38992,POM TRADERS SDN BHD(MAURITIUS),"JERRY ANG,NO: 34-A; JALAN MELAKA RAYA 13,PRIME SQUARE TAMAN MELAKA RAYA75000 MALACCA, MALAYSIA."
38993,SAJON COMMERCIALS(ARUNACHAL),"PARUL CHOWDHURY,BATARASHI,KARIMGANJ, ASSAMNEI, INDIA."
38994,SAJON COMMERCIALS(MEG-2ND BRAND),"BATARASHI,PARUL CHOWDHURY,KARIMGANJ, ASSAM.NEI, INDIA."
38995,PRAN BEVERAGES IND PVT LTD(MIZORAM-2ND BRAND),"KAILASAHAR,AIZWAL,MIZORAMINDIA."
38996,A K JAIN SALES & MARKETING PVT. LTD,"M. M. (OLD STATION ROAD),KARIMGANJ, ASSAM,SEI# 788711INDIA."
38997,GUANGZHOU HENGHUANZHOU INT.TRADE CO.LTD.,"SHELLY PAN,NORTH TOWER OF POLY V PLACE NO.11XIANCUN ROAD,TIANHE DISTRICT, GUANGZHOUGUANGZHOU, CHINA."
38998,KEONGCO MALAYSIA SDN BHD,"MR.FAIZUL KARIM,LOT 8920, JALAN BESAR,TELOK GONG 42000 PORT KLANGSELANGOR, MALAYSIA."
38999,MASS WORLD WIDE SDN BHD,"MOHAMMAD ANWER,17-2, JALAN ANGGERIK VANILLA,T31/T KOTA KEMUNING, 40460SELANGOR, MALAYSIA."
39000,MAGASIN BOILOLO,"19,RUE MKIRI WAGUIZI,MTSAPERÉ,97600 MALOUDZOU, MAYOTTEAFRICA."
380001,M/S MONOJIT PAUL(MONIPUR-2ND BRAND),"KRISHNENDU PAUL,AMBARKHANA, KARIMGANJ,MANIPUR, NEIINDIA."
380002,MSBI UK LIMITED,"MR. OSMAN FARAH,58-59,CROMWELL INDUSTRIAL ESTATE,,ARGALL AVENUE, E10 7QZ, UKUK."
380003,MAC RUUF GENERAL TRADING CO.LTD,"PLOT NO: 04, BLOCK NO:18,04TH CLASS HAI KOST,JUBASOUTH SUDAN, AFRICA."
380004,NUTRIFRESH FOODS LTD. MONTREAL,"SUNIL SAIGAL,2550 COHEN, SAINT LAURENT,H4R 2N6, MONTREAL, QUEBECCANADA."
380005,FIVE STAR WHOLESALE LLC,"MR. ISM M. HAIDER,4120 CLEVELAND ST, SKOKIE,IL 60076.,SKOKIE, ILUSA."
380006,PRAN BEVERAGES (INDIA-CHENNAI) PRIVATE LIMITED,"MR. RAJESH GHOSH,191, DEBI NIBAS ROAD, DUM DUM,KOLKATA-700074, CHENNAI.INDIA."
380007,GROUPE UNCLE SAM,"ALI SAM KHAYAT,B.P: 957, Z.I LIBREVILLE-GABON,EAST AFRICAAFRICA."
380008,FRENCH FRIES (MALAYSIA) SDN BHD (751979),"FREDERICK GENEID,NO.5,JALAN P4/1,SEKSYEN4, BANDAR TEKNOLOGI,KAJANG; 43500 SEMENYIH ,SELANGORMALAYSIA."
380009,AROMA INTERNATIONAL INCORPORATION,"MR. SHAIKH ATIKUL ISLAM COLLINS,1237 ALBERT ST. 2ND FLOOR,SUIT#06, REGINA SK, S4R 2R5CANADA."
380010,RAMNANI HEMANT R,"C/1278 HOUEYIHO,COTONOU,BENINAFRICA."
380011,MEMON BROTHERS,"G-4, MR 1/12 KANDA GALI,JODIA BAZAR,PAKISTANPAKISTAN, SAARC.."
380012,AL-BARAKA TRADING,"MD.SAZZED HUSSAIN,PORT ELIZABETH,SOUTH AFRICAAFRICA."
380013,LND LEEDS LTD,"MR. FAYJUL HASAN,ROUNDHAY ROAD, LEEDS LS8 4HS,MANCHESTERUK."
380014,MALL GROUP OF COMPANIES,"SMALL SUQYARE,KISMAAYO,SOMALIAAFRICA."
380015,M Z HOLDINGS LTD,"MR. MALLIK FARISHTA,37 PORTAGE ROAD NEW LYNN,AUCKLANDNEW ZEALAND."
380016,DEPODA,"MR. PIERRE,56 ALLEE DE LUXEMBOURG,93320 LES-PAVILLIONS-SOUS-BOISFRANCE."
380017,SHAHJALAL STORE,"MR. ZABED,155 DU FAUBOURG SAINT DENIS,75010 PARISFRANCE."
380018,VARIETY FOODZ LTD,"MR. LITON AHMED,50 DAWBERRY ROAD, KINGSHEATH,BIRMINGHAMUK."
380019,ELH ABOUBACAR ABDOULAHI,"DNATAKOUSSA SARL,COMMERCE GENERAL-IMPORT-EXPORT,BP-10460 NIAMEYNIGER."
380020,SCORE,"BABA OULD NEMA,B.P. 4496,RUE.BAKARI N-312,NOUAKCHOTTMAURITANIA."
380021,RAHIL MUSKINZAI LTD,"RAHIL MUSKINZAI LTD,PUSHTONESTAN CHOWK,JALALABADAFGHANISTAN."
380022,ALL INDIA SUPERMART,"MATHI,41 NORRIS ROAD,SINGAPORESINGAPORE."
380023,TEES LTD,"MR. PAUL CARLISLE,1-8 CENTENARY ESTATE,JEFFREYS ROAD, ENFIELDEN3 7UD, UK."
380024,ABDUS COMERCIAL,"ABDUS SATTER,MERCADO 38 CHIMOIO MOZAMBIQUE,MOZAMBIQUEAFRICA."
380025,PRAN BEVERAGES INDIA PVT LTD(LA-2ND BRAND),"GOWHATI,LOWER ASSAM,NEIINDIA."
380026,PACIFIC FOODS AND PLASTICS GROUP(FIJI),"MR. SAHIN,WAILOALA AND QUEENS ROAD,MARTINTAR NADI,9506 NADI AIRPORTLAUTOKA,FIJI."
380027,SHEEKHA TRADING COMPANY,"SHOP NO. 71- 1ST FLOOR MIRADOR MANSION,58 NATHAN ROAD,T.S.T. KOWLOONHONG KONG."
380028,NEWWORLD IGA,"MR. BASAVRAJ,PO BOX 68,BA, FIJI ISLANDS,LAUTOKAFIJI."
380029,GOLD STAR DISTRIBUTION INC,"MR. BASSAM ABU SAMRAH,1000 HUMBOLDT AVE N. MINNEAPOLIS,MN55411,USA."
380030,MARDIN FOOD,"MR. MUSTAFA CELAL,BREDSKIFTEVEJ 4 D, 8210 AARHUS V,DENMARKDENMARK, EUROPE."
380031,EMERGING WORLD FZC,"MR. HASAN MAHBUB,AJMAN FREE ZONE,GATE NO-3,BLOCK NO-8/BAJMAN,UAE."
380032,ALL FOOD & CANDY INC,"MR. ZACK COSTELLOE,610 COMMERCIAL AVE,CARLSTADT, NJ 07072, USANEW JERSEY, USA.."
380033,BRISBANE BULK SUPPLIES PTY LTD,"UNIT 4/31 PAISLEY DRIVE,LAWNTON QLD 4501,BRISBANEAUSTRALIA."
380034,ALIF IMPEX FRANCE,"MD. WAHIDUZZAMAN,46 AVENUE  DU  PAVE  NEUF,BAT-4, APPT-41393160 NOISY LE GRAND, FRANCE."
380035,ADAMA KONTE,"DRAVILE,BAMAKO,MALIAFRICA."
380036,AWAD AHMED ALI GHEETAG,"NAWRAS GOLDEN,YEMEN MUKALLA OKTOBER AREA,YEMENAFRICA."
380037,SARL K.S.T,"MR. THARMALINGAM RAJESWARAN,9 RUE JACQUES ANQUETIL,95140 GARGES LES GONESSEFRANCE."
380038,TAZA FOODS DISTRIBUTORS,"MR. SHAHAB HASSAN,6880 COLUMBUS ROAD,MISSISSAUGA, ONTARIO, L5T 2G1CANADA."
380039,SALIFOU GUIRO,"OUAGADOUGOU,OUAGADOUGOU,BURKINA FASOAFRICA."
380040,BOUCHERIE DE LA BALISE(PORT GENTIL),"NADINE MAMLOUK,PORT GENTIL,GABONWEST AFRICA."
380041,M/S JAIN INTERNATIONAL(SI-SEA PORT),"M. M. (OLD STATION ROAD),,KARIMGONJ,ASSAM,SOUTH INDIA SEA PORTINDIA."
380042,FRAMIG COMPANY LIMITED,"ERIC BOAKYE,PO BOX: OS2977,OSU-ACCRAGHANA."
380043,SATINA GROUP,"MS DJENABA DIALLO,CALLE PARAQUET DE AFRICA,CARACOLES - MALABOGUINEA EQUATORIAL."
380044,CRYSTAL FOODS INC,"MR. ISMAIL PARACHAR,7351 LOCKPORT PLACE,UNIT # E LORTON, VA 22079VIRGINIA, USA."
380045,K&P INTERNATIONAL TRADING INC.,"MR. ERICA HAN,3715 WEST ST HYATTSVILLE, MD 20785, USA,MARYLAND, USAMARYLAND, USA."
380046,KNIDHOMI HOUMADI,"NIDHOMI HOUMADI,ANJOUAN UNION DES COMORES,COMOROSAFRICA."
380047,M/S JAIN INTERNATIONAL(MADHYA PRADESH),"M. M. (OLD STATION ROAD),,KARIMGONJ, ASSAM,MADHYA PRADESH ( MP)INDIA."
380048,GMS INTERNATIONAL FOODS INC,"MR. MUSHTAQ CHHOTANI,18228 REGINA AVE,TORRANCE,CA 90504,CALIFORNIAUSA."
380049,FASTLINK GROUP LIMITED,"289, BETHNAL GREEN ROAD,LONDON, E2 6AH, UK,EN3 7UD, UKUK."
380050,KAMALA OVERSEAS LIMITED,"MR. RAJEEV SEATHI,2 NEWRY CLOSE  DANNEMORA,AUCKLAND 2016NEW ZEALAND."
380051,"RANI FOODS, LP (TX)","MR. SUNEEL CHANDER,16721 HOLLISTER STREET  #Q,HOUSTON, TX 77066,TEXASUSA."
380052,BABA DIALLO ET FRÈRES COMMERCE GÉNÉRAL,"GRAND MARCHE DE OUAGADOUGOU,MALI,WEST AFRICAAFRICA."
380053,PULSE INDIA FOODSTUFF LLC,"P.O. BOX: 64617,AL RAS, DEIRA,ETHIOPIAETHIOPIA."
380054,AFRI-FOOD SARLU,"AVENUE LIBÉRATION,EX.24 NOVEMBRE N0 8148,COMMUNE DE LA GOMBERD CONGO."
380055,CHARAÑA LTDA,"MRS. YOLANDA MERCADO,AV. RODOLFO PALENQUE NO. 100,ZONA: 12 DE OCTUBRE. EL ALTOBOLIVIA."
380056,M.N. ENTERPRISE(BORAK VELLY),"MOHAMMED ABDULLAH,OLD STATION ROAD, KARIMGANJ, ASSAM-788711,NEIINDIA."
380057,"PRAN BEVERAGES (IND) PVT LTD, DULAGARH","MR. RAJESH GHOSH,SANKRAIL INDUSTRIAL PARK,DULAGARH, HOWRAHWB, INDIA."
380058,SHENTON BAY COPR. LTD,"MD. RASHED ABID,130 THE PARK RAMKAMHEANG,52/2 RAMKAMHEANG ROADHUAMARK,BANGKOK,THAILAND."
380059,KOHLICO BRANDS UK LTD,"MR. AJIT KOHLI,KOHLICO HOUSE,STANMORE HILL,HA73DP,UNITED KINGDOMUK."
380060,SUNTHAI SEAFOODS,"MRS. KIM JUNG,5830 COOPERS AVE,MISSISSAUGA, L4Z 1Y3CANADA."
380061,NANTONG LONGER ELECTRIC APPLIANCE CO.LTD.,"QUINTINA KANG,NO.10 TAOYUAN ROAD,NANTONG JIANGSUCHINA."
380062,LOKIA SHOPPING CENTRE LTD,"MR. NAZEEL BUKSH,LUTUFIN DRIVE,MANOCA INDUSTRIAL,NAUSORI TOWN, SUVAFIJI."
380063,BEST FOODS INC,"MR. ABDUL PARACHA,30 SAW MILL POND ROAD,EDISON, NJ 08817, NEW JERSEYUSA."
380064,SING HAI COMPANY,"700 PROGRESS AVENUE,UNIT-15-16, SCARBOROUGH,ON, M1H 2Z7,ONTARIOCANADA."
380065,OUEDRAOGO YACOUBA(TOGO),"OUEDRAOGO YACOUBA,LOME,TOGOAFRICA."
380066,OUEDRAOGO YACOUBA(BENIN),"OUEDRAOGO YACOUBA,LOME,BENINAFRICA."
380067,KAPIL CHAWLA(IVORY COAST),"ABIDJAN,IVORY COAST,WEST AFRICAAFRICA."
380068,SORIMPEX (IVORY COAST),"ABIDJAN,IVORY COAST,IVORY COASTWEST AFRICA."
380069,ROTOMOULD&BIG 3 DISTRIBUTORS LTD,"MR. NILESH CHAND,SOLOMON ISLANDS,SOLOMON ISLANDSOCEANEA."
380070,FIMEX OFFSHORE COMPANY S.A.L,"KARIM SAYED,HAMRA STREET – ESTRAL CENTER,P.O. BOX 13-6206 SHOURANEQUATORIAL GUINEA."
380071,KENMART ALBANIA,"MR. YOUSEF AZIZ,RR. FERIT XHAJKO,MBRAPA RESTORANT,DURRESITIRANE,ALBANIA."
380072,SUNU BOUTIQUE,"HAMEDOU SOWE,ALBERT MARKET,NO.20 PICTON STREET P.O BOX 1238THE GAMBIA."
380073,GOLDENTREE GENERAL TRADING,"3915 HIAWATHA AVE,MINNEAPOLIS,MN 55406USA."
380074,IMRANUL ABEDIN,"CALLE GUARAYOS N S90,ZONALARAMADA,SANTA CRUZBOLIVIA."
380075,SHANDONG FUYITONG INTERNATIONAL TRADING CO,"YANSHAN SHIJI,NO-1,ZHENGZHOU ROAD,SHIBEI DISTRICT,QINGDAOCHINA."
380076,BUDGET PROMOTION INC,"IVAN MARK,10730 KINGHURST DRIVE,,HOUSTON TX 77099,TEXASUSA."
380077,UKAY INTERNATIONAL FISH & MEAT BAZAR,"MR. FAURAHAD.MEIA,251 WHITE CHAPEL ROAD,LONDON E1 1DBUK."
380078,W.C.M. LIMITED,"28, VELORE STREET,PORT-LOUIS,MAURITIUSAFRICA."
380079,EURASIA-MART GMBH,"WALIULLAH MIA,MACHABAER STR, 7-9,COLOGNEGERMANY."
380080,JAIN INTERNATIONAL(ARUNACHAL PRADESH),"M.M(OLD STATION ROAD),KARIMGANJ, ASSAM-788711,ARUNACHAL PRADESH,INDIA."
380081,MNB VARIETY IMPORTS,"MR. GIRISH BHOJWANI,318 HORSLEY ROAD, MILPERRA,NSW, 2214, SYDNEYAUSTRALIA."
380082,RESTOSHOP SARLU,"STÉPHANE S. BADOURALY,ANTANANARIVO,MADAGASCAREAST AFRICA."
380083,EUROZONE,"MD IMRAN HOSSAIN,PRACETA ANTERO QUENTAL,5 R/C ,2695-021 BOBADELA,LOURESPORTUGAL."
380084,QUALITE ALIMENTAIRE PREMIUM,"ABIDJAN,,COTE D'IVOIRE,IVORY COASTAFRICA."
380085,YUSUF ALI CO .LTD,"YUSUF ALI,27,COCDERIE STREET,PORT LOUISMAURITIUS."
380086,SPICETOWN OY,"TAUQEER QURESHI,HAMEENTIE 5 A,00530 HELSINKIFINLAND."
380087,MOUSTAPHA ATOUI,"50, RUE VINCENT,,PO BOX: 1682,SENEGALAFRICA."
380088,CRESCENT PREMIUM FOODS INC,"LOBLAWS INC,825 MIDDLEFIELD RD UNIT 5 TORONTO,ON M1V4Z7,MINNEAPOLISCANADA."
380089,ACE FOODS AUST PTY LTD,"MR. MAJID,UNIT 2/14 DAVID ROAD NSW 2113,SYDNEYAUSTRALIA."
380090,WASAJ ENTERPRISE,"ABDUL JALEEL,P.O.BOX GP 21889,ACCRAGHANA."
380091,UNIDEX,"ROLAND JANSSEN,POSTBUS 301,NL-2180 AH HILLEGOM,HILLEGOMSURINAME."
380092,GLOBAL BERAGES MALAWI LTD,"SALMANULLAH MOHAMMED,PO BOX 40482, KANENGO,LILONGWE 4,KANENGOMALAWI."
380093,GLOBAL BEVERAGES MADAGASKAR LIMITED,"SALMANULLAH MOHAMMED,LOT II WOT TER BESARETY,MADAGASCARSOUTH EASTERN AFRICA."
380094,IVORY COAST GLOBAL INDUSTRIES SARL,"SALMANULLAH MOHAMMED,18BP 2136 ABIDJAN ZONE INDUSTRIAL YOPOUGON,ABIDJAN ZONE INDUSTRIALIVORY COAST, WEST AFRICA."
380095,VANGALA HEMANTH KUMAR REDDY,"SALMANULLAH MOHAMMED,CMS 11 OUAGA, BP 1963 OUAGA,OUAGADOUGOU BURKINA FASOBURKINA FASO, WEST AFRICA."
380096,GLOBAL BEVERAGES GHANA LTD,"SALMANULLAH MOHAMMED,P.O BOX NO. PMB 62 MADINA,ACCRA GHANAGHANA, WEST AFRICA."
380097,PRAN BEBERAGES INDIA PVT LTD (CHATTISHGARH),"MR. BISHWAJIT CHAKRABORTY,191, DEBI NIBASH ROAD, DUM DUM,KOLKATAINDIA."
380098,BAH SAMBOU,"BP: 55968,LIBREVILLE,GABONWEST AFRICA."
380099,BENGAL LOGISTICS CORP,"NAYEEM ISLAM,O/A, BENGAL FOODS 836 5 AVENUE,SW CALGARY AB T2P0N5CALGARY,CANADA."
380100,QASR AL SULTAN COMPANY,"MR. SALAM MIA,AL WASEELA STREET,BAGHDAD-JAMEELAIRAQ."
380101,ASHON VENTURES NZ LTD,"MR. JAY PATEL,3 AVERTON PLACE,EAST TAMAKI,AUCKLANDNEW ZEALAND."
380102,APEKSHA SABJI BHANDAR,"MR. TRILOK SHAH,WARD NO 03, KRISHITHOK, LINE V.D.C,ANARMANI, JHAPANEPAL."
380103,FAZAL SONS TRADING COMPANY,"BILAL FAZAL,OFFICE # 4-5 2ND FLOOR SHER MARKET,RAZA BAZAR, RAWALPINDIPAKISTAN."
380104,GLOBAL IMPORTS AND EXPORTS SARL,"SALMANULLAH MOHAMMED,BANI FANDOU 2,RUE N' BF 169,BP : 12489,NIAMEYNIGER."
380105,PRAN BEVERAGES INDIA PVT. LTD(ARUNACHAL),"191, DEVINIBASH ROAD,DUM DUM, KOLKATA.,WEST BENGALINDIA."
380106,QUATA ENTERPRISE,"MR. KABIR HOSSEN,HONIARA SOLOMON ISLAND,SOLOMON ISLANDSOCEANEA."
380107,B&R DISTRIBUTION LTD,"DORIC CENTRE, UNIT 5,8 KELLNER ROAD,WEST THAMESMEAD BUSINESS PARK,LONDON, SE28 0AXLONDON,UK."
380108,PROSPÈRE S.A.R.L.(GLOBALIMEX),"JITENDRA ADVANI,RUE MALANDA ROCK N° 232,MARCHÉ TOTAL, BACONGO, BRAZZAVILLECONGO,AFRICA."
380109,JAIN INTERNATIONAL(UP&DELHI)-AT,"M. M.(OLD STATION ROAD),KARIMGONJ,ASSAM,INDIA # 788711INDIA."
380110,JAIN INTERNATIONAL(RAJSTAN)-AT,"M. M. (OLD STATION ROAD),KARIMGONJ, ASSAM,INDIA # 788711INDIA."
380111,M/S MANPURIYA SYNTHETICS(ODISHA),"130, DHARMTOLLA ROAD,GHUSURI, HOWRAH,KOLKATA-7111107INDIA."
380112,PRAN BEVERAGES (INDIA) PRIVATE LIMITED(JHARKHAND),"191, DEBI NIBAS ROAD,DUM DUM,KOLKATA-700074INDIA."
380113,SABRINI FOODS,"MR. RAJA,31-35, LETCON DR BANGHHOLME,VICTORIA, 3175AUSTRALIA."
380114,POVAGA GROUP OF COMPANY,"MR ARIF SHAH,POSTAL ADDRESS: 01054 KYIV,ST-PAVLOVSKAYA#10UKRAINE."
380115,RADHA EXPORTS PTE LTD,"DEEPAK P.ANANDANI,40 PANDAN ROAD,SINGAPORE-609282SINGAPORE."
380116,VEKIRAJU MULTI ACTIVITIES CO.LTD,"BULDING NO D-31 OFFICE NO 001,AL NASR TOWERS,MAMOUN BEHEIRY STREETKHARTOUM,SUDAN."
380117,"OLYBIO FOODS BEST OF NATURE, INC.","MR. VICKY,5990 W. TOUHY AVE. NILES,IL 60714,ILLINOISUSA."
380118,SETARA FOODS WHOLESALE PTY LTD,"MR. ALI GHASIMY,488C CHURCHILL ROAD,KILBURN SA 5084AUSTRALIA."
380119,UNIVERSAL BEVERAGES MOC LDA,"AV.DE MOZAMBIQUE  NO 975,BAIRRO KUMBEZA,MARRACUENE- MAPUTOMOZAMBIQUE."
380120,MAS BAZAR LTD,"MR RUHUL ISLAM,299A BETHNAL GREEN ROAD,LONDON,E2 6AHLONDON,UK."
380121,GLOBUSS LTD,"MOHAMMAD A BAKI,139 WILBRAHAM ROAD,FALLOWFIELD, MANCHESTERM14 7DS, UK."
380122,WATER POINT KENYA LTD,"IBRAHIM ABDI,P.O BOX-7019-00610 NAIROBI,KENYAAFRICA."
380123,WHOLE FOOD STUFF LTD,"MUHAMMAD,P,O ,BOX ,40155-80100; NAIROBI,KENYAAFRICA."
380124,REX OVERSEAS,"MUHAMMAD DAHER,BEIRUT.LEBANON,EQUATORIAL GUINEAAFRICA."
380125,BANGLA APNA BAZAR (APON BAZAR),"MR. MIRAZ M ZAMAN,261 S KENMORE AVE, LOS ANGELES,CA, 90004USA."
380126,TACAO S.A.,"MS. ESTEFANIA CHICA,URDENOR 2 MZ 233 SL 13,GUAYAQUILECUADOR."
380127,KATOOMBA FOODS,"MR. NELSON ALBERT,216-222 SOUTH GIPPSLAND HWY,DANDENONG SOUTH VIC 3175AUSTRALIA."
380128,EURO ASIA FOODS FRANCE,"FORHAD HOSSAIN,1 AVENUE LOUIS BLERIOT 93120 LA,COURNEUVE, PARISFRANCE."
380129,FRUITICANA,"MR. SUKHI SINGH,7676 ANVIL WAY,SURREY, BC V3W 4H7BRITISH COLOMBIA,CANADA."
380130,REX OVERSEAS,"BEIRUT,LEBANON .,EQUOTRIAL GUINEAAFRICA."
380131,GIDEON SERVICES PTY LTD,"MS. JO SUJANA,38 INDIAN DRIVE,KEYSBOROUGH, VIC 3173AUSTRALIA."
380133,LITTORAL MARKET,"0024107386460,BP 9600, LIBREVILLE,LIBREVILLEGABON."
380135,MS ROYAL LLP,"HM HULHUMALE FLAT NO: 78-3-7,IRUDHEYMA,HINGUN,MALDIVES."
380136,"GALAXY PHARMA CO.,LTD","KHAN MEAN CHEY,120B,ST:17BT,PHNOM PENH-12351CAMBODIA."
380137,SURYA FOODS,"EUROPA HOUSE,EUROPA WAY,HARWICH ESSEX, CO12 4PTUK."
380138,AMRIN CASH AND CARRY,"1530 BIRCHMOUNT RD,SCARBOROUGH,ON M1P 2H2CANADA."
380139,SARL FAYA,"7, AVENUE LOUIS BLÉRIOT,93120 LA COURNEUVE,BAHAR_HUSSAIN905@HOTMAIL.COMFRANCE."
380140,POLYMAC MARKETING (S) PTE LTD,"+85512934805,CHHAYLYLY@GMAIL.COM,NO.63, DEFU LANE 12,CAMBODIA."
380141,LAKSHMI SARL,"LAKSHMI@GGMARTNET.COM,00243971060613,102 AV LOKONGA GOMBE KINSHASACONGO DR."
380142,ALPHA ORIENTAL TRADERS PTY LTD,"0393577329,2/6-10 AMCOR WAY,CAMPBELL FIELDAUSTRALIA."
380143,MAKAN DISTILLERS LTD,"RUPESH@MAKAN.CO.NZ,15 WEKA STREET,AUCKLAND, NEW ZEALANDNEW ZEALAND."
380144,ANJU ENTERPRISES,"ANJILA@ANJUENTERPRISES.COM,+33141214044,10, AVENUE MARCELLIN BERTHELOTFRANCE."
380145,DHAKA BANGLADESH ENTERPRISE CO LTD,"0023057176542,ROYAL ROAD,LE HOCHET TERRE ROUGEMAURITIUS."
380146,MADIJ ENTERPRISE,"+23288545416,91 PENINSULA ROAD,GODERICH FREETOWNSIERRA LEONE."
380147,BISMILLAH ENTERPRISE,"+6778587065,KUKUM,HONIARA SOLOMON ISLANDHONIARA SOLOMON ISLAND."
380148,CV. FANCYLAND FOOD,"0778 474597,KOMPLEK PERTOKOAN RUKO GREENLAND B,LOK A1-A2, BATAM CENTRE – BATAMINDONESIA."
380149,ISLAND STAR COMPANY LIMITED,"PAULSOLOMON0911@GMAIL.COM,PO BOX 699 ISLAND STAR, HONIARA,+6777876979SOLOMON ISLANDS."
380150,MYANMAR GOLDEN HEART COMPANY LIMITED,"NARESHKRSTER@GMAIL.COM,NO.(103/104) KYUNE SHWE MYAING STREET,GENERAL VILLAGE THUWANAMYANMAR."
380151,BRAND MASTERS BELGIUM BVBA,"POSTHOFBRUG 6/4, 2600 ANTWERPEN, BELGIË.,ANTWERPEN,+31655500707BELGIUM."
380152,PRAN BEBERAGES INDIA PVT LTD (KARNATAKA),"191, DEBI NIBASH ROAD, DUM DUM,00919073337766,KOLKATAINDIA."
380153,9052526 CANADA INC,"L4T 1P3, ON. CANADA,ONTARIO,647-680-6331CANADA."
380154,CM INTERNATIONAL,"117 SWALM STREET, WESTBURY,NY 11590, USA.,516 307 9655USA."
380155,SQUARE ENTERPRISES CORP.,"WALLINGTON NJ 07057,NEW JERSEY,1 877 777 4150USA."
380156,OXFORD C.A..,"PORLAMAR ISLA DE MARGARITA,ZIP CODE- 6301,0295 264 5777VENEZUELA."
380157,AAA HOLDINGS LIMITED,"P.O.BOX 110, HONIARA,SOLOMON ISLANDS,(677) 22165 & 21940HONIARA SOLOMON ISLAND."
380158,GARISSA TRADING CO. LTD,"BLOCK NO 540 KATOR ROAD,,JUBA,+211920666980SOUTH SUDAN."
380159,APNA FOODS IMPORTS CO.,"360 SOUTH LOMBARD ROAD, ADDISON,(630) 400-8080,ILLINOISUSA."
380160,AU BON MARCHE,"KUMUL HIGHWAY-NAMBATU,PO BOX-64, PORT VILA, VANUATU,678-22945VANUATU."
380161,SWEET SNACKS,"2-6 ROBERNA STREET MOORABBIN,3189 VICTORIA, AUSTRALIA,(03) 9553 4557AUSTRALIA."
380162,FRANKIE COMPANY LTD,"P.O BOX 3296, APIA, SAMOA,APIA, SAMOA,+685 22722SAMOA."
380163,INEX-S L.L.C.,"STR. JETA E RE N.N. 20 000 PRIZREN,KOSOVO,+383045296856KOSOVO."
380164,MRS JAIN INTERNATIONAL,"M/S JAIN INTERNATIONAL,M. M. (OLD STATION ROAD),KARIMGONJ,+918800800808INDIA."
380165,MRS JAIN INTERNATIONAL,"M/S JAIN INTERNATIONAL,M. M. (OLD STATION ROAD),KARIMGONJ,+918800800808INDIA."
380166,M/S CHODEN ENTERPRISE,"GATOEN LAM,PHUENTSHOLING,00975-17110071BHUTAN."
380167,PRAN BEVERAGES (INDIA) PRIVATE LTD,"191 DEBINIBAS  ROAD,DUM DUM,KOLKATA,919073337766INDIA."
380168,PRAN BEVERAGES (INDIA) PRIVATE LTD.,"191 DEBINIBAS  ROAD,DUM DUM,KOLKATA,919073337766INDIA."
380169,KUSHIARA EXPORT AGENCY (MONIPUR),"00919954021649,S.T.ROAD,BATARASHI,ASSAMINDIA."
380170,KUSHIARA EXPORT AGENCY (BORAKVELLY),"S.T. ROAD, BATARASHI,ASSAM,00919954021649INDIA."
380171,SUN COOL ENTERPRISE,"72 , LEMAN STREET,BANJUL THE GAMBIA,2202709210GAMBIA."
380172,DECENT ENTERPRISE LDA,"DILI, TIMOR LESTE,+67077412212,MD@FATEMIGROUP.COMTIMOR LESTE."
380173,DIGNIT E. I,"AV.RUA DO COMERCIO,CHIURE,CABO DELGADOMOZAMBIQUE."
380174,J PUNJA NZ LIMITED,"31 HA CRESCENT,WIRI MANUKAU,+6492798894NEW ZEALAND."
380175,TOWFIQ GENERAL TRADING LTD,"P,O ,BOX ,240-00507,NAIROBI, KENYA,+254715005555KENYA."
380176,MEERAN LTD.,"UNIT 11,WAREHOUSE 2B,RIPPLESIDE COMMERCIAL ESTATEESSEX, UK."
380177,FOODCITY PTE LTD,"LOT 1 RODWELL ROAD SUVA,P.O. BOX 2248,NAUSORIFIJI."
380178,M/S AMINUR RASHID CHOWDHURY,"ABDUL MAZID ROAD,KARIMGANJ,ASSAM,BORAKVELLAY, INDIA."
380179,M/S MANPURIA SYNTHETICS,"130, DHARMTOLLA ROAD,GHUSURI, HOWRAH-711107,WEST BENGAL, KOLKATAINDIA."
380180,GLOBEX IMPORT & EXPORT  LTD,"64 ATKINSON  AVENUE,,OTAHUHU,,AUCKLAND; PO BOX NO: 22432NEW ZEALAND."
380181,CONTEL INTERNATIONAL INC,"SUITE: 1102-A,,YARDLEY,,PA 19067, USAMOZAMBIQUE."
380182,PACIFIC SEA S.R.L.,"VIA BRENTA, 26,36077 ALTAVILLA VICENTINA,VICENTINAITALY."
380183,AMADOU TABOURE,"BACO DJICORONI,,BAMAKO,,MALIMALI."
380184,B-2 COMPANY LIMITED,"ROVE,,TANDAI,,HONIARA,SOLOMON  ISLAND, PO. BOX: C157."
380185,DOLLARAMA L.P.,"5805 AVENUE ROYALMOUNT,,MONT-ROYAL,,QUEBEC, H4P 0A1,CANADA."
380186,AGRO BUSINESS TRADING SARL & CO-TRANSEN,"BOULEVARD,,FAHD BEN ABDEL AZIZ X AUTOROUTE ECHANGEUR HANN,,DAKAR,SENEGAL, WEAST AFRICA."
380187,DZIYALANDZE GENERAL TRADING LLC,"LONGONI,,MAYOTTE,LONGONIMAYOTTE."
380188,TRADE LINKS MILANO SRL,"VIA PADOVA,308 20132,MILANOITALY."
380189,GLOBAL CHOICE FOODS LTD.,"150 RAINBOW CREEK DRIVE VAUGHAN,,ON L4H 4M6,ONTARIOCANADA."
380190,INDIAN FOOD LAND.,"15 FANDOR WAY,,BRAMPTON,,ON, L74 2G9.ONTARIO, CANADA."
380191,MANPURIA SYNTHETICS (CHHATTISGARH),"130, DHARMTOLLA ROAD,GHUSURI, HOWRAH-711107,CHHATTISGARHINDIA."
380192,ASBA AB,"ELLIPSVÄGEN 9,,SE-141 75 KUNGENS KURVA,,STOCKHOLM,SWEDEN."
380193,UNIVERSAL DISTRIBUTION CENTER,"96 DISTRIBUTION BLVD,EDISON NJ 08817,,NEW JERSEYUSA."
380194,HMV DELI DISTRIBUTION & SERVICES LIMITED COMPANY,"391 NGUYEN XIEN STREET,KIM GIANG WARD,THANH XUAN DISTRICTHA NOI CITY, VIETNAM."
380195,CITY WORLDWIDE LTD,"UNIT A&, 13/F CENTURY HOUSE,,3-4 HANOI ROAD,,TSIM SHA TSUI, KOLWOON, HONG KONGSOUTH AFRICA."
380196,INVERSIONES BPM LIMITADA,"EMILIO VAISSE 558,PROVIDENCIA SANTIAGO,SANTIAGO,CHILE."
380197,OY BENGAL TRADING LTD. AB,"OMENAMÄENKATU,3B 41,00990 HELSINKIFINLAND."
380198,HANGZHOU PINYI TRADING CO.LTD,"RM1607, KONGFEN BUILDING,,299MIAOHOUWANG RD,,BIN JIANG DISTRICT,HANG ZHOU, CHINA."
380199,HAIDER SDN BHD,"NO.92S, SPG 96,,KG SG BULOH,,JLN KOTA BATU, BU1229,BRUNEI DARUSSALAM."
380200,MR. ALMAMY GUEYE,"DAKAR,SENEGAL,SENEGALSENEGAL, WEAST AFRICA."
380201,TAJ CANADA,"760 BIRCHMOUNT,RD SCARBOROUGH,ON, M1K 1R7ONTARIO, CANADA."
380202,NRB GROUP (MR. ABU ELIAS HOSSAIN),"OFFICE NO: 101, 3RD FLOOR,,50TH STREET MIDDLE BLOCK,,PAZUNDAUNG TOWNSHIP,YANGON, MYANMAR.."
380203,JOLLYS PHARMACY,"8 KING GEORGE V ST ROSEAU,COMMONWEALTH OF DOMINICA,ROSEAUSDOMINICA."
380204,RAJA WHOLE SALE SRL,"VIA G.VITTORIO, 49,25122 BRESCIA,ITALYITALY."
380205,T KESEVARAJ,"18, VAITHIYA NATHAIYAR STREET,MADURAI,TAMIL NADUINDIA."
380206,BLACKFERN INT LTD,"2 ELIAS COURT,THE GARDENS,AUCKLANDNEW ZEALAND."
380207,FINAL SUPER MARKET,"PO BOX 8870,ACCRA NORTH(AN),,GHANAAFRICA."
